/tmp/task10-a-final2-inputs	1003	directory	165836223	256	8
/tmp/task10-a-final2-smoke	1003	directory	7158	5	1
/tmp/task10-a-final3-inputs	1003	directory	165836690	256	8
/tmp/task10-a-final3-smoke	1003	directory	17528	10	1
/tmp/task10-a-final4-inputs	1003	directory	165836731	256	8
/tmp/task10-a-final5-inputs	1003	directory	165838119	256	8
/tmp/task10-a-integration-candidate	1003	directory	165896738	257	8
/tmp/task10-a-integration-smoke	1003	directory	165775280	256	8
/tmp/task10-a-integration-smoke2	1003	directory	165775495	256	8
/tmp/task10-a-integration-smoke3	1003	directory	165775495	256	8
/tmp/task10-a-integration-smoke4	1003	directory	165776291	256	8
/tmp/task10-a-integration-smoke4-stale	1003	directory	165776290	256	8
/tmp/task10-a-integration-smoke5	1003	directory	165777156	256	8
/tmp/task10-a-integration-smoke6	1003	directory	165853920	257	8
/tmp/task10-a-integration-smoke7	1003	directory	165854294	257	8
/tmp/task10-a-integration-smoke8	1003	directory	165835330	257	8
/tmp/task10-a-mapped-candidate	1003	directory	166482759	269	8
/tmp/task10-a-mapped-diag-controller	1003	directory	166420054	269	8
/tmp/task10-a-mapped-smoke1	1003	directory	166420054	269	8
/tmp/task10-ablations-20260901T0555Z	1003	directory	58503	9	1
/tmp/task10-anchor-freeze.87cVk5	1003	directory	392061	52	3
/tmp/task10-anchor-freeze.Upkpd4	1003	directory	376971	48	3
/tmp/task10-anchor-freeze.aRMncH	1003	directory	387110	50	3
/tmp/task10-anchor-runtime-v2	1003	directory	394144	53	3
/tmp/task10-anchor-runtime.IqjsWI	1003	directory	384947	51	3
/tmp/task10-bag-capture	1003	directory	52549	6	1
/tmp/task10-checkpoint-nested2	1003	directory	164935850	70	53
/tmp/task10-checkpoint-smoke	1003	directory	61707373	44	36
/tmp/task10-cpc-capture	1003	directory	396736	132	1
/tmp/task10-cpc-functional	1003	directory	878426	300	1
/tmp/task10-current-checkpoint-evidence-pre-reg28	1003	directory	162188635	285	40
/tmp/task10-current-gh224a	1003	directory	0	0	3
/tmp/task10-current-list-last8-scratch	1003	directory	0	1	2
/tmp/task10-current-list-last8-state	1003	directory	2514502	8	10
/tmp/task10-current-list-last8-v3-scratch	1003	directory	0	1	2
/tmp/task10-current-list-last8-v3-state	1003	directory	2514502	8	10
/tmp/task10-current-list-last8-v4-scratch	1003	directory	0	0	1
/tmp/task10-current-list-last8-v4-state	1003	directory	0	0	1
/tmp/task10-current-list-last8-v4-worker	1003	directory	0	0	1
/tmp/task10-current-list-last8-v5-scratch	1003	directory	0	0	1
/tmp/task10-current-list-last8-v5-state	1003	directory	0	0	1
/tmp/task10-current-list-last8-v5-worker	1003	directory	294	3	5
/tmp/task10-current-list-last8-v6-scratch	1003	directory	0	1	2
/tmp/task10-current-list-last8-v6-state	1003	directory	2494063	8	10
/tmp/task10-current-list-last8-v6-worker	1003	directory	609	3	5
/tmp/task10-current-list-last8-v7-launch	1003	directory	343	2	1
/tmp/task10-current-list-last8-v7-scratch	1003	directory	0	1	2
/tmp/task10-current-list-last8-v7-state	1003	directory	2494063	8	10
/tmp/task10-current-list-last8-v7-worker	1003	directory	649	3	5
/tmp/task10-current-model-scratch	1003	directory	0	1	2
/tmp/task10-current-model-state	1003	directory	2514502	8	10
/tmp/task10-current-overlay-launch	1003	directory	347	2	1
/tmp/task10-emod-final-capture	1003	directory	170434	6	1
/tmp/task10-f258-arithmetic-hammer	1003	directory	1659705	5	7
/tmp/task10-f258-bar260-diag	1003	directory	1787380	12	10
/tmp/task10-f258-bar260-optimized	1003	directory	1787418	12	10
/tmp/task10-f258-june-list-hammer	1003	directory	0	0	1
/tmp/task10-f258-list-append-hammer	1003	directory	2167790	5	7
/tmp/task10-f258-listobj-backup	1003	directory	311043	6	1
/tmp/task10-f751-backport-problems	1003	directory	4329164	8	10
/tmp/task10-f751-genuine-problems	1003	directory	4329164	8	10
/tmp/task10-f751-genuine-problems2	1003	directory	4329164	8	10
/tmp/task10-f751-gh224a	1003	directory	2892251	11	12
/tmp/task10-f751-gh224a-manifest-launch	1003	directory	110	1	1
/tmp/task10-f751-gh224a-optimized	1003	directory	2892251	11	12
/tmp/task10-f751-gh225a-launch	1003	directory	103	1	1
/tmp/task10-f751-list-full-hammer	1003	directory	3201754	8	10
/tmp/task10-f751-list-full-worker	1003	directory	0	0	1
/tmp/task10-f751-list-launch	1003	directory	97	1	1
/tmp/task10-f751-original-append	1003	directory	3594005	11	12
/tmp/task10-f751-original-append2-hammer	1003	directory	3592660	8	10
/tmp/task10-final-20260901T0610Z	1003	directory	185958	16	2
/tmp/task10-final-20260901T0625Z	1003	directory	72222	8	1
/tmp/task10-final-20260901T0630Z	1003	directory	217114	21	2
/tmp/task10-final-20260901T0637Z	1003	directory	450405	41	2
/tmp/task10-final-g1-20260827	1003	directory	261097	17	1
/tmp/task10-final-g1-20260827-r2	1003	directory	255500	17	1
/tmp/task10-final-g1-20260827-r3	1003	directory	255500	17	1
/tmp/task10-final-g1-20260827-r4	1003	directory	255500	17	1
/tmp/task10-final-g1-shards	1003	directory	237178	15	1
/tmp/task10-final-g2-full	1003	directory	609470	344	8
/tmp/task10-final-g2-generated	1003	directory	377367	203	2
/tmp/task10-final-tree-g1-20260827	1003	directory	253344	16	1
/tmp/task10-final2-probe-foldcheck	1003	directory	71960	72	3
/tmp/task10-final3-probe-foldcheck	1003	directory	71673	71	3
/tmp/task10-focused	1003	directory	232425	16	1
/tmp/task10-followup-ablations-20260901T0655Z	1003	directory	1406359	22	2
/tmp/task10-followup-ablations-20260901T0705Z	1003	directory	1506374	34	2
/tmp/task10-followup-ablations-20260901T0715Z	1003	directory	1696321	103	2
/tmp/task10-followup-final-T8mZisKZ	1003	directory	345182	54	2
/tmp/task10-g1-final	1003	directory	274126	16	1
/tmp/task10-g1-final-r2	1003	directory	256648	16	1
/tmp/task10-g2-generated-final-r3	1003	directory	12302	201	2
/tmp/task10-g2-generated-final-r4	1003	directory	12302	201	2
/tmp/task10-g2-generated-final-r5	1003	directory	12302	201	2
/tmp/task10-g2-parser-final-r3	1003	directory	31692	342	8
/tmp/task10-g2-parser-final-r4	1003	directory	31692	342	8
/tmp/task10-g2-parser-final-r5	1003	directory	31692	342	8
/tmp/task10-heap-api.6x6wr2	1003	directory	744	4	1
/tmp/task10-heap-api2.biiIj5	1003	directory	34837884	5	1
/tmp/task10-manual-probe	1003	directory	0	0	1
/tmp/task10-mapped-bar-trace	1003	directory	2330	2	2
/tmp/task10-mapped-controller-diag	1003	directory	5517	2	2
/tmp/task10-mapped-original-env	1003	directory	5506	2	2
/tmp/task10-mixed-ablations-NA2TZVnz	1003	directory	1689163	99	2
/tmp/task10-mixed-final-qxmpbPHI	1003	directory	343961	50	2
/tmp/task10-mixed-focused-PsqntOAS	1003	directory	63479	5	1
/tmp/task10-mixed-focused-dbzl6t6R	1003	directory	34801	5	1
/tmp/task10-mixed-focused-uJnOJZ6Z	1003	directory	34680	5	1
/tmp/task10-numdiv-capture	1003	directory	43256	6	1
/tmp/task10-overlay-list-first8-state	1003	directory	3201754	8	10
/tmp/task10-overlay-list-first8-worker	1003	directory	968	3	5
/tmp/task10-overlay-list-last8b-state	1003	directory	2498242	8	10
/tmp/task10-overlay-list-last8b-worker	1003	directory	643	3	5
/tmp/task10-overlay-list-v2-last8-state	1003	directory	2498242	8	10
/tmp/task10-overlay-list-v2-last8-worker	1003	directory	727	3	5
/tmp/task10-overlay-list-v3-first8-state	1003	directory	3201754	8	10
/tmp/task10-overlay-list-v3-first8-worker	1003	directory	574	3	5
/tmp/task10-overlay-list-v3-last8-state	1003	directory	2498242	8	10
/tmp/task10-overlay-list-v3-last8-worker	1003	directory	574	3	5
/tmp/task10-overlay-list-zero-v2-inputs	1003	directory	16473	4	1
/tmp/task10-overlay-list-zero-v2-launch	1003	directory	311	2	1
/tmp/task10-overlay-list-zero-v3-inputs	1003	directory	16517	4	1
/tmp/task10-overlay-list-zero-v3-launch	1003	directory	115	1	1
/tmp/task10-p-final2-inputs	1003	directory	54784	5	1
/tmp/task10-poison-smoke-v24	1003	directory	234	13	1
/tmp/task10-poison-smoke-v25	1003	directory	252	14	1
/tmp/task10-poison-v21	1003	directory	216	12	1
/tmp/task10-poison-v22	1003	directory	216	12	1
/tmp/task10-poison-v23	1003	directory	216	12	1
/tmp/task10-poison-v24	1003	directory	216	12	1
/tmp/task10-poison-v25	1003	directory	216	12	1
/tmp/task10-poison-v26	1003	directory	216	12	1
/tmp/task10-poison-v27	1003	directory	216	12	1
/tmp/task10-poison-v28	1003	directory	216	12	1
/tmp/task10-poison-v29	1003	directory	216	12	1
/tmp/task10-poison-v30	1003	directory	234	13	1
/tmp/task10-poison-v31	1003	directory	252	14	1
/tmp/task10-preflight-freeze.4r9ygr	1003	directory	123753	18	2
/tmp/task10-preflight-freeze.Fi9jbe	1003	directory	121741	17	2
/tmp/task10-preflight-freeze.WqDhSQ	1003	directory	120573	16	2
/tmp/task10-preflight-runtime-v4	1003	directory	140379	20	2
/tmp/task10-premise-diag-scratch	1003	directory	0	0	1
/tmp/task10-problemgen-diag-inputs	1003	directory	166336388	277	8
/tmp/task10-quant-capture	1003	directory	5797	6	1
/tmp/task10-quant2-capture	1003	directory	5963	6	1
/tmp/task10-review-a26	1003	directory	446818675	5	1
/tmp/task10-review-hammer	1003	directory	101683	24	26
/tmp/task10-review-hammer-2	1003	directory	101683	24	26
/tmp/task10-review-hammer-3	1003	directory	101683	24	26
/tmp/task10-review-p-v4-f30	1003	directory	54644	3	1
/tmp/task10-review-p-v4-s30v5	1003	directory	118119	3	1
/tmp/task10-review-scratch	1003	directory	108	1	2
/tmp/task10-review-scratch-2	1003	directory	108	1	2
/tmp/task10-review-scratch-3	1003	directory	108	1	2
/tmp/task10-review-selftest.9YXPSv	1003	directory	101791	25	28
/tmp/task10-review-v12-hammer	1003	directory	101683	24	26
/tmp/task10-review-v12-scratch	1003	directory	108	1	2
/tmp/task10-reviewfix-g1-shards	1003	directory	253344	16	1
/tmp/task10-reviewfix-g2-full	1003	directory	609470	344	8
/tmp/task10-reviewfix-g2-generated	1003	directory	377367	203	2
/tmp/task10-runtime-a-v11.OyyfPl	1003	directory	464148	66	4
/tmp/task10-runtime-p-v10.ZgdW7c	1003	directory	174974	28	3
/tmp/task10-runtime-p-v8	1003	directory	174974	28	2
/tmp/task10-runtime-smoke-v22	1003	directory	459738	66	3
/tmp/task10-runtime-smoke-v23.4Fp7wW	1003	directory	464148	66	4
/tmp/task10-runtime-v18	1003	directory	463880	66	3
/tmp/task10-runtime-v19.MZDKoR	1003	directory	464101	66	4
/tmp/task10-runtime-v19.pQgle8	1003	directory	0	0	1
/tmp/task10-runtime-v20.6zOmqC	1003	directory	464148	66	4
/tmp/task10-savestate.oA5RAQ	1003	directory	53364595	5	1
/tmp/task10-seal.aYuHqy	1003	directory	125715	19	2
/tmp/task10-seal.rjgGfC	1003	directory	120381	18	2
/tmp/task10-seal.sM4Pwz	1003	directory	125608	19	2
/tmp/task10-selftest-child	1003	directory	112	4	13
/tmp/task10-smoke-v11-stale-runtime-failed-reflink	1003	directory	0	0	63
/tmp/task10-smoke-v14-bootstrap	1003	directory	330057810	682	64
/tmp/task10-smoke-v16-corrupt-checkpoint	1003	directory	330055153	679	63
/tmp/task10-smoke-v16-stale-runtime	1003	directory	330055153	679	63
/tmp/task10-smoke83-old-checkpoint-evidence	1003	directory	162188635	285	40
/tmp/task10-storage-v2-bootstrap	1003	directory	330182102	682	64
/tmp/task10-worker-preflight-test	1003	directory	176771882	332	20
/tmp/task10-worker-preflight-test2	1003	directory	176775992	333	20
