54007b14f1f4cd095ea6746525931b35d06f550888652c4761a7191f44a278ca	src/AI/.hol/objs/aiLib.uo
904b8bd86f8306c779ca63c692c95f43e160ad7b813fe0eb919c6ba54cbf0f82	src/AI/sml_inspection/.hol/objs/smlExecScripts.uo
238b20bdb93b7433bfa43769514a9d55f05f6c5c220b17da6d89c287e82f200d	src/AI/machine_learning/.hol/objs/mlThmData.uo
8bbd72cd85be0b473a5bcc8bf4c578251537c51d3b372bef72eed4131bddab0f	src/AI/machine_learning/.hol/objs/mlFeature.uo
83bc9eba73bee6e983d3a9e0a36e0cffe9935d650229b526afb9e03a2f77e6fb	src/AI/machine_learning/.hol/objs/mlNearestNeighbor.uo
a68d876e5b9b3fc116f2fe15656564a78f954e95a86b087390eca32524f6ee52	src/holyhammer/.hol/objs/hhCache.uo
f2da94a80e678f08b1edac3b2a4dee1af6456b0565916e2d60a590c92fc10d08	src/holyhammer/.hol/objs/hhConfig.uo
e76d7bba85b164df1be05f24b2221ca12ab8718a374cd5b19dd24845fd708bd6	src/holyhammer/.hol/objs/hhEval.uo
5cfbdb39be3ab3d27aadb7a1a22de10a71ce2447633c3b0d6b4261dde09a2755	src/holyhammer/.hol/objs/hhExportLib.uo
5133e47c93066f529d7a66ecdef6912cf7fdd21ff8e13d7a773c95e870b3965f	src/holyhammer/.hol/objs/hhLearn.uo
38bc21c5bfe5999b4d8162d92ff44e5e5a858d14a8afb3fed6bc79cf9dcc08cc	src/holyhammer/.hol/objs/hhMePo.uo
167c51c9a27d017d158fc6c0f6664be327e48b730040da294d9197db8a84535e	src/holyhammer/.hol/objs/hhMonomorph.uo
e405b8d5a9543879f793d3e31abbbf00e791cc433d355e7f2d7a79711ff18ce7	src/holyhammer/.hol/objs/hhProblemGen.uo
fd1c9f29093a5893853564ed7d790f92c865b2658d98dd31bc0fc64acd183af0	src/holyhammer/.hol/objs/hhProver.uo
166dff4dc5a2a327cf30354c587e794399ec6375432e8c4d4c877d6a746cc225	src/holyhammer/.hol/objs/hhSchedule.uo
716fdf8799af73be2894139c8a0490c51ede7a17240c8cef65f1d1f2be898d63	src/holyhammer/.hol/objs/hhSlice.uo
bf14ea51a3e53c303d81849295e1d87233dfc67fbaed6b3b5fd826b338479e7a	src/holyhammer/.hol/objs/hhStature.uo
