file	b527abc46e70d33227b5f2a1b4964276077c14a12d1f1bd23d4eb38b9bb49a2c	accepted-loaded-objects.tsv
file	e3b0c44298fc1c149afbf4c8996fb92427ae41e4649b934ca495991b7852b855	allowed-source-diff.tsv
file	b92f705ced50f9ba3d2ad764c547e5ecc7cf5eb3601422c99fb856772ef9d6ef	atoms.tsv
file	ea11197c9334dc4a3358e914cf815d59ca23d1e5d8df598d3243cfe333ca2c56	canonical-goals.tsv
file	b0cad53ff2c8b8c361ec0ff0f3f08c067205f44daf84e4332a84f6ab499b0395	endurance-hol-worker-reference.sh
file	c0a601ad1b5b482c30cedb48e7351b8c90d8abaff7a7854b3a973a5d7ea6751c	endurance-runner-reference.sh
file	533bd035103ef41d480f0b7ad42ad248d1a2ff2a6503af98659c1c8e5da0008b	hol-runtime-objects.tsv
file	552b578a47d72e8d948d75b47b5d12e3787b78fd697d57597a9e50026eed3464	host-runtime.tsv
file	96b4668d24be83b3d2f112cb0593a34f0586d69c847c8b0b31dc5790907276ce	provers-task12.tsv
file	87a5d9c638c154a6ffcf21ed824d4e8dbb355c2ced97c26c820fc50883762abf	runtime-root-certificate.json
file	c6a797f0a951f09050f11bbef18f5a74e8b787c41fe0b5a238fd2eb66a20e299	schedule.tsv
file	c555bccf81667725389aa321c2b34f55afc6cbfe3f3089deb4002f96c282e7f6	source-envelope.json
file	cc793e532c19105a722979a77c328e6391db27645df731b105586edf2cd530d2	source-input-SHA256SUMS
file	285dea734b602b555cab1351c78fb40d98105dcb57e564a2c2744b04f1bfb6b2	source-provenance.json
file	734dc8aaee08f31c554388cd539d63f8d05824f69440cc4f491f19c7ee4170f7	source-run.json
file	4aac9c7355b9ecce6bdae058eaa9d4e57b1b346d93b69ca14006542f466ea493	target-theory-objects.tsv
file	d27882c76a21bc865657e82b716f563b42e0097c9e1f9c8b4223ea6fbc01936c	task12-driver.sml
file	5cb293937d347d67fb3acb1f6ee72507388cfe10ebb841ee56003206e9fbc9de	verify-runtime-root.sh
