ASCIInumbers-0-of-5	10	1	aff2042ed5dccc06ec332f39a2f86fe3086f6f1a08b95ff2647e1a0089699a67	fd0510f45d65272c9e4bf171f517fece0c0cf3c8e7f0af4f667d5805f4a58364
ASCIInumbers-1-of-5	7	1	d2364afae68411fae9c6d84e4da9c04ffd4f56782e3d1a5b2104231febf519aa	c87e180870a13c3ef5acf078a6a80dda92b4aed84ee5988065bee8e219f7e61c
ASCIInumbers-2-of-5	5	1	00d75087cbcf8a71637511bd9a0708c7727705ffa3b18e252ad6115e017ed209	c07611b804c6d87c940efb84b1039c36b7d09351f96e1c5b5078bdf8a4a93747
ASCIInumbers-3-of-5	8	1	5ee95407ed1d6a56aedaab34f1b1dfa6ae3587bbc37d99adf1834dc77fd6e859	95ea7157012da02b0742958e610915f3fa6bd782ce4317db9c05fa17743f0363
ASCIInumbers-4-of-5	5	1	ff2fa3879d7e85d68db454c06dda61c1b0403ac469dd52588ac82b8eaf299532	4048da9349c61ea340688e185c7706122a676e3d47c5fecee80e17bb050408c8
Coder-0-of-2	4	1	fb5ee1150197343425c2ed70b07a0ff52034fea446048737fcd5562731f72b76	8d1983adf67956e199843f866f299495a12c828c98f77837b5735d7fcdb306d1
Coder-1-of-2	10	1	9a9de87ee1f4d3b8a2e209696c1111139a5d03a1913df19796bfacf9b749b79a	b3a21445c643c31b39ae57aedf4b0cb444cc8cdd81a561b14fbe759da572db34
ConseqConv-0-of-5	7	1	70718132e5ad0ee4c761ae0e25efb5468a441cc961eea318b28ce0f29698b560	c2348a1f2337add1dcfb8d95e078146fd2f34e90e9208e457efdc517b812f42e
ConseqConv-1-of-5	8	1	3189c2c082ffb47dd06f8d7d2b7a9fd478b58e6b5a24766c537acb05db2119cc	9ff6ecc63430c4738a37c7eac278c57d14c60468a48fb6bf7fb74ad7c2bc814f
ConseqConv-2-of-5	10	1	2020ed7a0ecabf5c487c99d31f1d956c1220c51a6a78349ef146329387716be3	7619c6c61db29ed3d3743d765ead5c952ad1af436f73cabf86e62e30253860da
ConseqConv-3-of-5	10	1	e546ef67dbc562da18e39e6163fed18aa1162d8f280ed1da682fe6d627064264	4e55c31874b3cfa83557da17832ebd7d71df3d9537165c4411d3f0ea57747ded
ConseqConv-4-of-5	5	1	2b4520d86ff4ceb951bcedad370634a7b14e9dc2490c0d3d28cd9b3d83775977	a45bd5bf9a0ccfc0db8f269bb1b8ee2b57efd410b50d4ba808bd46fd10a1c63c
Decode-0-of-6	12	1	8df2f86b48111d3d335f431f3a24af97066556bdeb61d460c17f794fb7f3b388	4a5c4ffee9f925e19707003a2a8ba6e720ebffbbd6a6e7199c516f5609fd1bce
Decode-1-of-6	7	1	7c10f9f6f6978a23bee88293a008db76c0674f76167c135ccab36638f5bdb524	dddaf546935e3f2570931340a58faab71e3f83240e91accdd94394f97a16c6d7
Decode-2-of-6	8	1	04a50aaddc83f5ef2c2844de1e6906b4acd3b4908b1a6ffa23d9ad42bc3055e9	07c398ca46ca4375f85df82b270e304861ba197004f50679a146e44ba1d22501
Decode-3-of-6	8	1	df4dcf048311b11c271df584d1eb9e0ef57c0bf613376491bdc6c99b54ac4046	5a35fa8d7d0ed30d6c33faf96fb5f5b11391bdcfa03cc8bdef33f2eba44be7c5
Decode-4-of-6	8	1	a53f2cdf84c627ff7f2fcac99880241e7241272562f48e243920e730fa9d22af	bcd8c35fc5164d7b8e60c67e8edb5198da44172f78fd7154907e6d5a354f8268
Decode-5-of-6	5	1	2b7003820528bf7ce9ae976a7cace297be6730c12a6f9a6da83ddad0ea46e059	343c009d810cabacd838e8ffae01c5271ec48ca809832366a4b1bffa57c649ac
DeepSyntax-0-of-3	8	1	55026ada3e1772985c5da211484ca6b89016efa13bac1908a26cdd73b6043505	d1e7b191ed28b0295df8a3ab98dbb3d64662472391b21de7597342b521e02ac2
DeepSyntax-1-of-3	3	1	1a433a0ca6fb1d3c0e15033be7e4f25fe17457510def36d0041925ed0551c79b	ff6c427bd838f0ed5d952f24a80c3d5c15a5449ebb612c302f4c8409d4780e92
DeepSyntax-2-of-3	9	1	7844b828d18a3aa6fada9dadadce7bff3fbc52e77e591903523f79836a211630	4154ea1cfb6d3a93404c74589aba07f5e961c72a6a2a6dd3d6b5c9f437d055b0
Encode-0-of-6	5	1	5b8f43e30d2d59963f61c6753c3a33c91990e61844372e2ef5d0a4b92ca0dfae	5633a3dc2962e147fd1e25f0562fa2657eb43776fc88d935284005e59ce37316
Encode-1-of-6	7	1	5bffac778b8832627149365e3538f84cb4f1bdeb2aefd0c26594a973a1460ac9	7ba529d8d8ffca557d273920a6233183138e9418e4824511a844c861f2b6e1de
Encode-2-of-6	6	1	760e5c5e058970856668331f7539195555e7db359441883e1c6d7cb2923ac0ec	5adc015a1a996f036c82ec9c6bb01acca48d4e7fe5fe22f63c9c5830ab3baca7
Encode-3-of-6	8	1	81594ed4b56c75adf358c97ad2151cd0c1a15b6a1a52c864e37552f930fc5ddc	b4ac49c820e502e6043c8db77449d9bb84102bd5a2e6f323be396d524f93d8e2
Encode-4-of-6	9	1	921366de6014d799221895ee35107ab19e94b33aed05b19a95f913785a485835	f4bb9a3af3687ccf7886ef4d96d085da4d0e2f1c246a5c60bc9b004771034691
Encode-5-of-6	7	1	48c7f4e9ed090189223fbbbb87a53a5cc637a3f5d6bc56861fa1a368db7eaa13	c2a112222c81852f6f93dbe2c2d4638b9d3679529c2b873ab76e174e107bd9d1
EncodeVar-0-of-2	6	1	14acbc22a58af7d28c33f1d986028fad43f9c1a38540e53c299ce2ae5df75504	40a001c395d8f4648f1cf3093b9d6292fb66521afe17340b14d575ca860041ab
EncodeVar-1-of-2	5	1	1c3cc40d9d5ab3918deb6a391a4add73639738505e5eb728d25fb0d25333236f	212a1169fa190900885f3511a5c1dca99a569628d2d7209cfd6b1c5737a317cd
HolSmt-0-of-46	8	1	7e7f41609e659c069743f94eafd4695439d5440b8aad865635f1e4659d2d81b4	75adf67aac9fa940a72992083feead8859090f19d1049de1fe33ffb0dfcf2a3d
HolSmt-1-of-46	9	1	04d6ba2bafd1c451831205abfc7d6ef291b245283edc854c31931a31a00532e7	1e9d491f4d45b093949c5648f9d7fdd80de24dd9c31687a8702b0a2e2d2ceab0
HolSmt-2-of-46	12	1	3f207fe16838f36b398d5b3b724537cf4989cc7df42eb9d5d0f27ead6571ea17	0c9a25be33dd8ebcc2554b56a1466ab04261d99da80547100666d88b295e9599
HolSmt-3-of-46	9	1	01e4c2b4a60aea56a776f75f40cda2451a5da6a68c940cf42b4f998fda48b0b2	6e750b6b9486cbfee3076b2c1f7a4959fdc0c03d35ffa1077aed2e2fc001b436
HolSmt-4-of-46	9	1	07e52fa7db46def2eb34e13f71a98da7e081b705a301bad3786d60c67eeb0ae8	ae4c2e1233b043f78f45531b3155239d84107416160da304b7e0c63f686b8b9a
HolSmt-5-of-46	8	1	8f7656fdc9feb2ea71d725b5b15ddeda759c72d7296d816dbe5bb57a8319f68f	7afa6bbd8afe3a316f62570e8fbcd78b96fc71ebf3921db6fe97a114005f2c64
HolSmt-6-of-46	6	1	d5e893b8baf3a4299b7e527003fad9901e2fba6df1d01bf784cfc17ef6b50076	e40777ecf5f234c7a7d67e80032708a9290dc7eccb087e8ad005fd858c598640
HolSmt-7-of-46	7	1	a2faa94ac6273b1378fd1bef040cfb623c4df4b81cc86f2335341cff6544e639	645ce20fae0929d2b6dd2158db42cc69e35745b412aef262b1d20b368f1ba20e
HolSmt-8-of-46	8	1	292a0a60ee39c9e5b96338115290583f6e4e9784706f738165825769011ad0a4	dc47f1fa9faf11873beb19fe3a409ab6ec95a7855b4158f01cd1121eea39e12a
HolSmt-9-of-46	6	1	af7a014929b4a77e4e4f5b80c8b246f3e40c1e12cd090e251ba5c7cc8e0806bb	94f657d0606c4f7a6a785f36ddac3d9821920a8cfecfad80ba1838e0176d5552
HolSmt-10-of-46	7	1	09534d9da64db73ed6f306347e1da20fbe243eaacc16a969b77a698d11ae0348	3d188391d31c5a3f3fd586c2fa08ffc0928463b7108ce3e170cd356e981e8a35
HolSmt-11-of-46	5	1	443a03ca6b8545b948277dde162a29a29f535c913a38cf40684c4be89180d27a	8694f7f36b2f1d10fa89e5029cad36daa5978c443b565ab2517e34510798138a
HolSmt-12-of-46	5	1	d2423e741d3a1c65a8360735a3ea1e30ebbef0865fcd75eb634b2def32ad1680	7e68e60ef00e180190d14718087c93d51a4c2427ab4e04eb2468b63d1cef9159
HolSmt-13-of-46	5	1	16970450fd392ad2f8cdf0564b72ac8957f36afe13cfbf3fe3fad5c1487e2497	6c4402fd424b1c243e130b4d9acfe155906e1ed7d0d1233c13374a0967dd0f6d
HolSmt-14-of-46	4	1	d9ad175af2fd93af77a5f8f2243bb040ee9a864378d9ceeaddef56e79fd49c37	78d6bf2041c3c9ef162d3c9e5a07f82065f276ca4a301ffdb45440ae63b1af0c
HolSmt-15-of-46	3	1	82ae2355ae78ab3f23fde27b5aff28ac5151ea5c2f12fcb000cdca4d90fd00cc	25e10f32d5fcbd4bfd93bcaf07677929714d660137391a27060bcda054fd4536
HolSmt-16-of-46	2	1	9b4e9b37a733901b4ae18765e2adba3a47af99dcd087f43225345c24877656ed	da923a54bd3cac95a1ccb959c18a1c5593aae9970a902f552a35dcdd19901cc9
HolSmt-17-of-46	1	1	21faad5f94344696627619505df1d876652fefe7cfc092267c0b547529760afc	a220590e72a7be9be50e379666427d2c53c1b89499d00d154ae363878d7767b8
HolSmt-18-of-46	1	1	0379765d80caa482a2406a4e70ab4bee3d34d0199b8894fc720102d0c1785228	a001cf9ca1633bbfec90050c753d66d94afb505a6dc088275399d3e1d8956f22
HolSmt-19-of-46	1	1	30194ebcf71e4de45c595c168854071a54041cc8a90ee8a75bff970738d11749	59c03fae78caa7cc531fd5e433d125aff8f66affebb4491b3bd9cfea3b630842
HolSmt-20-of-46	1	1	1a8e47dfbeebfa6800d16541ff797a166e4114a8df2efc8a40ef00aafa9cf66f	0249577c209f9c0817983328049bd8dc68af2ebfef0b610b76aad411261f1d6a
HolSmt-21-of-46	1	1	fe3fc1fe55128937656964f9946c1a6ed2f7f3d78d0c8737bcd8e462161895e6	5d2e2133ac4b5b5659a8e8c1483d4f981bd496d21fbb0471793ad4bb8e95eeb6
HolSmt-22-of-46	0	1	e3b0c44298fc1c149afbf4c8996fb92427ae41e4649b934ca495991b7852b855	03c5432055a1056c131ef341da90cfaf8acd362f61489ad9562f9d18cd92a15b
HolSmt-23-of-46	0	1	e3b0c44298fc1c149afbf4c8996fb92427ae41e4649b934ca495991b7852b855	3e9c7854eaa436609d269fd7754bf98cfc7657208aca6bef4d7e8f02a746a7ae
HolSmt-24-of-46	1	1	10e72286489bf0c94a07498d028c8a8d3d727df5655913658ad7a35a594962bf	dbe1a76ab87a23d9e1821732dc014b88b068669042902c830cabce33850a919b
HolSmt-25-of-46	3	1	5bf2474f70433971eb77795aed9c144acdcdbfbd5b6d963eb7a732f1a90af0f4	8aafd9415c8915891aa5b6ef4b1487032cb0917cfe429a157c7487a1ec06626b
HolSmt-26-of-46	5	1	019a0c61ab4ec7e25d72595b0bade519fd326b34f37f72831b3687e3cd63bbf8	3dbd4f0b3196635168b804364360fd2182f0f569e47502dedce21bcf3dc644f0
HolSmt-27-of-46	6	1	f4c22d005664723c130eacb8bd80a159a9edc618589a9491794c9a15369144fe	17119e7d3eff05afb0d958ec072263e4a14f07c650cd6acd27f1fe8a7a58c85d
HolSmt-28-of-46	9	1	89aefeacf39ed4c993972044ea447b959a435475bd763f3a89cb24c099bb6fa7	069474e0032066e3a565070e66d357d4b0a47df72018e1976dfb1d73b9374dda
HolSmt-29-of-46	10	1	e153db6b3fa3c7c0043b6d89238ca82f7471e1762cc546cfbdef4d55a1febb86	13ce3cbe27a304299f130f479860463cad143eefc930e4923612b5b5df29109e
HolSmt-30-of-46	12	1	9861bd65d24501e839b56fb13f04645b7c75668e4e9192d943d12962181bcecd	75935c7df71eba648e04757de7c5f073f073d32c510bb1faa935d3fe550d00b4
HolSmt-31-of-46	14	1	e84848e1f86e304a44c9c3c7e5a573282654f8229a7d17a8f589e2cd8dbb2809	03381e649564faebc7e333a4758381d251d58986123be8358b6fbeafa84f1123
HolSmt-32-of-46	15	1	25df536d0f85c5827a2e5956245ce9ca571f60562b8e75e47c9c22dd244da072	5d6d4d017deee7cc582df8a1d3ee7d4e2a62d28affab4907e53dfcb427e1506e
HolSmt-33-of-46	15	1	d971c0c7b00841efb6f6835ff641a875ff079c14e6bb90f3e1010e68400a9817	bf5ebf9caeb22008022ccf0df652ab7683894768448ebd37ddfde1a61ce074c9
HolSmt-34-of-46	16	1	af9e490a2f6992b5b543e84d01197594edf2f1aa727806737fc990dfaa9318e6	da6c8b17e050b0010e75611f84b4d978f69cbedb2714401a634c477ef95353e9
HolSmt-35-of-46	17	1	9980378c7d53f273e942b8a4dcdf57bc1f6010a7af16ce2d997a255b756eae09	14853ebe918e761eacf55ba3bbdd9e2a3d6ead27768299a25883b7c798cdfbf5
HolSmt-36-of-46	17	1	80777ec6d4e232027bde7532f7ecf06e0c4f82e803c5e3bd7abed1c6193fc29d	576fcf13c9e424c8f4df2e384596ef6f34d8dba4c2ab096c20a61c81ddf327fb
HolSmt-37-of-46	16	1	fff68750a8bcd11c1701dee1f5a55b83111f7eb431bd16d54964360a40d3c8f6	6a983999e05f76c24d5674258a882ed4e7f84204861657648d423edeb1006182
HolSmt-38-of-46	15	1	90cfa1afd5d70776c63a6bfd4d6815f767e9aa0ec86778ec6ad17a533f1788a3	35e191b7ae19e805d18782af7627182be97165e932425c6f64945d1564f3bdd0
HolSmt-39-of-46	12	1	4d4461e9e0ed3177fee5d3b7b9e2b27ca33abdd14974390be13569f29ffb14b3	4b49f505f9e0b741386073eba2088c6343872b8ced1839d1a609aa90955b892e
HolSmt-40-of-46	12	1	6b8bb050360c91293dfb9bfa3710da5499ad81011a20971ef4693cf83fb0034f	d9120ab835726580b7eb2aa1dd69d9eff356feb59cff2d73a21ff84dbfcc17af
HolSmt-41-of-46	11	1	6bfa3280b6026071544509dc7db815ecc7f30dc0705e07aa0650098e45945e32	4d2fb755b251783d7cc54476f620b85bf956935a0397fd67041a5a4e6d8eebdc
HolSmt-42-of-46	13	1	a948bd8b12a0c96388b8bb15ad698d6d4a91e481d22a1e72857bc436f026b40d	884360acf99e804bbe0b9051d9c57aca9e82e9ca837e57d5271303a3021c7723
HolSmt-43-of-46	12	1	9cd8a55f04cda63eebd16f376ecc08476de8dea39e89937cb8043df1b0b4e394	be8f6b292a158da81aeacd81070f23ee25a0f0e779a421777b4cf64160caf9f9
HolSmt-44-of-46	10	1	880b7a8fa5f545c158abea890436fc418f3101fc91f8f1dbd6a841002552fb4f	648a92ba3b730624c37a0f03f508208e38e787c27520d023e1e73f56cc59db58
HolSmt-45-of-46	9	1	9a50014ec721020a422e0eb0ef001d24531251c62e5b96a0194ed02ab65aba71	ef0ffa64a049444d60b8c12d079f029b6b8e3adcb9c552783babeee01fdb009b
Omega-0-of-11	10	1	3b8f1fd3fec4758926b46929735531fd8489c9e92bb0a3aae799dbb76de987cc	4612f3d053ddaee072cdd3ed866128e97d95da398ba298c9dc1b087ead9eb7b4
Omega-1-of-11	6	1	ac81c07b93cdab7265ffa3dd1fd73d470f944722d94ace27fbaebf35a23d305e	37bfa1a7020aa959b9814a0836896e749e84eba8c79dfb3b3913aa50383ddf6c
Omega-2-of-11	14	1	97d5d468ea3a55d2f644c0ffe51f7876a4e277448543f99bf4419fc26526f55b	5f80d532c439bc7a64e1ab53f5af628cef44c21063a811513e1dcf3a6a34bd78
Omega-3-of-11	5	1	926f7e2afefcf39179ad3cf17a292e6d8db40d3fdc1fca4b76d74da6b81f9d72	b5269a61080141bfeb2fbb74943af2329dbe05e36ad6c7bcb457c72f5f7aa94f
Omega-4-of-11	3	1	e43f203b91af043ea6aaf6056838eac6cf8ff5bbfe1c2f2bb0362347b203c150	ad9543ac0527571db5c62e4e28217fe4817431273856235bfee5bace2edfe4e3
Omega-5-of-11	12	1	d722a6b6982752b5b8481b426f9ef2355208e87a5ddc276fda4d2aea3bb43ce8	3b3b87909e58eabc7a6816e4da7cda75fdaab1ddbc74e10ec879d07d625979ad
Omega-6-of-11	5	1	42c0d08f0469f8c5c38631fcc235dd4d9a878cd549b9fcd89efb25e1041168f0	c002df9a5c11ffb6eeeda6f866837f31622fb81a96fe9c069e6cde19cf926f39
Omega-7-of-11	7	1	13916850303885138312cdbce5bf79781acd5cd095f62828f59df4e3b770dbad	17580a974984197433ce4a292599eb2d33a2b9182f4967c1e9813e2955e8c48b
Omega-8-of-11	12	1	9eb282ebae995a4e6ad885f9330e695a536206104e54ca14943525470eee84b6	53a332647e83128099f7981fa44b8806fbc89a7e5d1580d7047043799dbff402
Omega-9-of-11	5	1	aafc931b7b8c4f99164ed7ea3bd30b8fa8d3b2d5cf62b3fd0b9238a85d720b8a	5c582fa8fe120c2a117cfeba1de17b80514cf8cc54339995487b037bcfe95bdc
Omega-10-of-11	7	1	b5a2317b1687792d1c4dbdc2f92edcaa011a0c4c85cb95341292baa335300958	baa9d26466d896c4cd490cc2587eea7e4b7474b6e5c05a7e1cebc7906e59351a
SGAUnicodeMergeB-0-of-1	2	1	c8fe81e83fb0894e41e25a49e010ad845f868d2def09bb2a5561b868d4ca63f6	34ffbe98fae0ce2d0d225b5f64d23ac53a66182a3ed47c228bedb6ee6862d46d
While-0-of-4	8	1	74a9041ceb501c80c35fea6bdd9af326c63a2ffffa533a2daa40551b07a4520e	5608973f8a46c01700264fec9f29699c8d0a7276b8fa6aa76190c8423476b57d
While-1-of-4	5	1	b2e665d30edc0a899a0b27efe4dcc5ae69e168de9973d630e9df2a0dc3bbd49a	61a77c47c073a165edd1b1a9fee202f1bb6d23d33624c539b2fc2931d5fec980
While-2-of-4	9	1	39e6ceeb102777752029244f4ab8338384cd920a43ba37ad8ecc21f85da541e6	9b2095753d6284a56d31826f6e631866b2d3670261dd1fad401090aac281e871
While-3-of-4	4	1	f62eb44f66825c12e8575cc4f255f2ade9793e0634a699df2f7b1ecc17977d96	ebfd761deacfc773a7039fa617288d4f5780f1c2223ba0c1e586fb4391a6a7a7
addDB-0-of-1	1	1	11dbec06f8247b179b7dbb1fe34674977ad3a35c17c0ee083520e0d705f2c420	b7cb8c3369eb08ad163d90dd821799c00f52d02dc492b826de33bb0a75619c25
addMLdep1-0-of-1	1	1	b5756e01676a9f6002280634f3876a43cfd2cc918449e3d6dd3c518e607fb1b8	3f18a67c3f2ac7ff2eaae04480c5c5de03be03e048f57d0a1a1b76ccd054de15
addMLdep2-0-of-1	1	1	6afbde9aabe581c94a2a8f14b16d0b68ef38f03f9ff68fb62d33b4fb09c851f1	351035f30378b2a7c20bc621cb66ec906a56014a350067e3b6980c72e2c672f1
alignment-0-of-5	5	1	696c389dd30faf12db853049e13b40114eb5d3bf2a6cf84e3a1bfe4e4ca9de0b	a4a78dabab5ec30a7b831cc17c59845568c8db4c93c893734464c002e3d4ebc0
alignment-1-of-5	5	1	53d18b95184a9eb587dd0fd2ef547f934c21e891151d4b2ee716e0b7fd2c2d1b	eebe763861cf61797df79ae27de786838ada316def894340db291223abebfaf4
alignment-2-of-5	10	1	f912680eca83718740f7cf2735307c6cc343e1185590584c2d94d379ed306f6e	4a382b35e13d2146112253807ac8e6eee5782d2a0d758f538bbe69c0401be788
alignment-3-of-5	14	1	f7519f102f01878246029586d4abc0af3749bb4722943c0618de18915f45245a	741a845e3e5ff086903d2dab79f45134997959cdafdf670044d9345faa6bebfe
alignment-4-of-5	5	1	0dfbf624b0c08cb38599e852632be8e54fb43cb799b218fcade86cbfbb866aa3	29874bcc830fa6329e0d6c3d7d9a17947cd878c2491d92c2942738ce5096f8d0
alist-0-of-10	10	1	5a9c50c8cc49ba5471c70c4c4645169a40d90ed144d5243852908f8463ab3798	735f51c2922979bc74f85c9c56ef3500f53e028c67eabf4269fa2cf296ff625b
alist-1-of-10	8	1	dde44c05578a8d807490bef8f09daed8df0c54609d052f9336cf8a2e44d29897	18f9e38db8de9b54cb0ca38da7db6741af59394123b81212bd62038fc9669941
alist-2-of-10	8	1	931ff466a489d5ae13458c42530e9e9853c4b15b303f2afde8b144fe3404d43a	09568f8be88d2d91b97751cb7c3e5e9a6eb79db05073c70b6470694a87de40d3
alist-3-of-10	3	1	508a5f2b3da89465ddcb6f184c5ee61f6e17f867d975e01a3eb400d86403eeb5	e4e2b7f54c8d030b05d515e46b3484d4b1a26f961571a06a75c17645b03a7674
alist-4-of-10	7	1	36b53e277838adf2aa3c1f574ab250d0ef96d0856e7e5b19bbc24ac82e3e55d4	7b21409bd4b8265873580365c38ae298fb090d381fcea5f4c59d674288e66039
alist-5-of-10	8	1	0f6bf0b12146c6c1a1c9e078f56e3b0fcb93884ad24a1612c1016223e7282de7	667dc1a3b3e1afa5aca2ea84cd057062d039301c9d6f9573505b82a4264857b3
alist-6-of-10	10	1	baabbed1e4067fe85c463b08210e513db0a00f6cd1ce0ff92d854848e8692b3b	0ac1c952de6fec8d90ceebe41116321ab4cb966b2c50241f16355381fd7102ac
alist-7-of-10	3	1	44d6d721e3901d758e4aedc0f381f51f9993e2bcbc4436207f2a2f4d09e9d58d	944c1732f83192d5cbe2883ddd88052bffe54107456e7daccdd28dda9bce9235
alist-8-of-10	11	1	704b31e33207536c5075d2602db1ddacc3dd8a2f224df7179bccb529ce0c3e2b	544867ef3d0fda0eb6ccbce05df90c60e47595fa8b5ef26fc459b221de799696
alist-9-of-10	6	1	3ce70a335d3d5b51f5ef63dc2967c762cd7bacb6a21eec8e88a1cde8aff27ec1	60f7e54f882c4e92d4638af749aabaee776f2b16875f48a49dacd65d74e6aa4d
alist_tree-0-of-5	5	1	87c6470a85b4dd448096bf4b2cdb30c9edc05615f1c4a0f564e696b424bd317b	b2f440a3e50d147f09e2ef1a6efa25482123944771013d71c4ea0045150805a3
alist_tree-1-of-5	5	1	d3d4a05177652a22c2a610d5e0cedbb6e49de76ea1208d69b8291ce7cc76e13f	8fc36958d09669c00440509d39d94cb46148d7528e532be37924b2f7dc85f5eb
alist_tree-2-of-5	9	1	04910c54987c93d01c5f4617aad82b91e1c949c063911f797d0bae7cf236a6a7	c6584b9ef0d903287ae42e519429529b5c56e2ee989a9e187c56c3eebbde42f9
alist_tree-3-of-5	8	1	f3fe9e5d7f93bacc73d08d5c021810c5d4c6c28bc04bed803866aaa2e290383a	6a1e74e47330e1940e3a03e059512cf878bcc85bef10aef8420e3c473fa85fd9
alist_tree-4-of-5	9	1	12fa94092ce74aabc90a38b69b67184df4cb458616ebb2cf0b2e7d470959a9ba	19c8a0c1d4407a1fe2156f537f870e2a1100706323e9601bd9ea902c72dfb7db
arithmetic-0-of-63	6	1	2c0cbe55e7ce22a5b819badda151a627cdd28ed3463d41deb252b853f7de36e5	259e8119fa6e4d0ff23a2ce9a7185230ada9c481388936f0b0cb5cd406a8d083
arithmetic-1-of-63	7	1	33190764121d9e6f22fad9d0b94e1901dae44dc480b5532150172dc80aef2152	d5abc9789074979b45b5f7224641066c8b9f60691b5820bddaf4d044f6680758
arithmetic-2-of-63	9	1	dbd2857a1f270cbc334698025b1f97e107d05d9db369eff77948aa45cb2ad7b4	7517cb0ed07005a3f31c45141ef22914a5ac68a89cd10aef70920082fe987ced
arithmetic-3-of-63	14	1	4b31e8374283d83e27c4bb035d7b06a1d80e7aeda16d4afee6aa995dcc1a76db	65896ebcfc06c69a25d595f87224aaed285c94437455461067740813c35262b2
arithmetic-4-of-63	9	1	f205721c3cb00e0366832e95ae922c5ab916784cc5b86caa4a46bc5d9adf0023	e5d16bc9e42386e57618b5b6d1821900e135112ce81eef5c3e28fce45591b221
arithmetic-5-of-63	11	1	768da7d72d4167248a66e446258e63b6b5695fef399c9c50ee1a0ccc0f3a1541	b01fcc793fa48fe2a4215cc73e09de4ced1314164c1ea443ad68a2eab9ae2ac4
arithmetic-6-of-63	5	1	880c0208ecb8fa4f6ed3604faf3df35ff8ec855434f4d1b8f0232ec665ecbe2d	14dbf349d9cd21c9a047a94929c115566303a936e0510da334a301216f33a9d9
arithmetic-7-of-63	11	1	5f2509135f7a26280069b05051d730d68f13a42709eba88eed14d468a02cbc03	bd92a0e93380ef9f4b05c32798e6ebab947f571e5257b1d0a4398903b8c71db0
arithmetic-8-of-63	8	1	58848d831c5708b64c661c7afec1c4e3f20fee8d1bf1d236ab4676e0eee76e30	cf876cad082f3b8532f134d76afa9e24679cf644657609cbbf707a7e2f969947
arithmetic-9-of-63	3	1	fd1609f77c3aafe3c8096bdc726b3f6512ca1f0dd7034b0ccc01d1b62a3b2280	b4bc83ca19b6beef87b634e79330727129cbd4d3be3269bbb8e47a19721fe9fa
arithmetic-10-of-63	5	1	16963960db857f59fca4c5abd4104cf5740e2d5e3bfc726d6558dc65f38bdb7b	e707419dd6bf98d2a9e00f12e0561e42b922549a306b9c0ffc9c7b962328120a
arithmetic-11-of-63	10	1	c74542f9a5621889684f74bfbf519dc0103c702c36143777c8552cdef7d452ca	396fcc559b72f594dba70e5a9f0bfca594e52873d5cb8ee79b0c4e79b20567ee
arithmetic-12-of-63	8	1	daf5f4dc8cb201ca00413d09b1aaae1bc870f7eacdb0a33762dace03fd824516	8af1cac0b5a472cafd30dfc7415503871eee008d853c8a0a4421cae2e1c9064c
arithmetic-13-of-63	9	1	7064ffff0cc4f6c6ccb27e1a8966e8dff0d964bc1b24adf3fd639f58be7e89d5	9aa7a6153736d52fb1f1a519c3d11d9024604f888f53902045219d39cb2a26cd
arithmetic-14-of-63	11	1	b84364385ab6804a92ef40afdd47aa8b565224dc067481e628134b69cb1b4319	5e29eb81bc2f84b337fd9ab0e246b60a2dd9340fe487c93ec38320539353285b
arithmetic-15-of-63	3	1	b64938a7e25dd8dc0cf4a04315b14f1ae3fa3a9f35726ac2cdf510a57a96ab9e	e089fb892342007dc52b14ff1d6bc63ea9e08736a05c2ff474ec88586c0276b7
arithmetic-16-of-63	9	1	09e9a3d92512268779edbaacddc3febe899a24173f1f1199edc839ea3a01c3c5	ecd0b2261f9944daa23b555340627bbf53c89833ebb286ceb49b047fb60621e5
arithmetic-17-of-63	6	1	9639aba7657aaa659189404044c3ac15ea86591a720bbcc65eb57e135afad5fd	3b9479a2138f65d037faacf4bed042682cc47ea25c5a120bb98fceeb89e07d55
arithmetic-18-of-63	5	1	2bf7f8f211be88eac16c9b17e429563182d710d3f5363a66384a8323c9a0e47f	3578c4e899b5f9ddd045bd447b0204ac7b67ee8f10335c89949ba45b7e0272ee
arithmetic-19-of-63	9	1	7ad8680a81dc58b4db67bd8811b832c61795562544aba6532abe7c728b38752e	f4ab612220b0f109781b9ff5064858b40074e24fb06008dcd8ca9c6fb29e8889
arithmetic-20-of-63	9	1	ce41a212302ddd29e491ec9c3e530570e1cc253af8644ccd1d8f6616e9facad7	90fa729e850bf8f6bfa1f10194f0cc851fcc184ef03d16537d6aaf55f4fb40ec
arithmetic-21-of-63	9	1	ab8a366772a79bdc02416168fa8eef8ebc674e8ed0f3b4ab1c17c8d61d353dee	9aa3feb0e7d9952604c8f7904f0e94df3e9968d219d656bba36ffc70aca709e0
arithmetic-22-of-63	7	1	d548b2b709e31f8568fae182cad09ab000282c98c3b108b49b158792485708ab	897cbbfa3624690a828d5edbd119b83f4ee9118e0f41c9e36343637a33d6e594
arithmetic-23-of-63	6	1	ceef74d86e292de3b9e340a8e47b88e7611746a26b476af7a16d83f2dae93659	e40d0e2eada7c4ef44a3dc365ca197d7c8c68e0c1059fe2d9cc0ef77a977ab88
arithmetic-24-of-63	6	1	2dac6ac73a0ca58c31d6e5d5caba59a831ae645079822d40fed2a15e6daeb5de	cb40b7b955cfd0b476cae3605901b1f816f3a3705969c2ea34468fa65bc29b4f
arithmetic-25-of-63	8	1	c268879cbe7e5dd4f8f8fef5c538d1686942d17f51143dba1aab7b67cb7562cb	4d68b842b2ea59a704dd73eac1e77e6f1a47221dac7f0a228e71b4d51c6c5cc1
arithmetic-26-of-63	8	1	7733d15df104310c08c78d876694e6b147f0d1a19a9f7217d3703227c89e183e	a3116cf8b407e72b3d700f793301391343a71efcb2980106a5e083a7929e8e08
arithmetic-27-of-63	10	1	b1e1333654f27482f6753d6305d14bb13402d06b67cacab7f2c39ba68c2942aa	cae44f9ebd1f00498b6623abca8171a8f8ada09e59df9aeaf75d98e15c420739
arithmetic-28-of-63	7	1	ffe9886b925fecc953b1dbe3eecb4720592b031553b899412c8654c68a5da649	a09d0532dadb6abcc65c82db502c884fe8aace8cb6272931bcd7d08fea7cc989
arithmetic-29-of-63	8	1	4fcc218add0c5f87443aa0bce6e8b7f9ce40385cb6db97ba07fef339f1fb9e44	8e9d559f1796b0d8099687b75f7a096cc0dafc561511a8fb291ac23c652941ff
arithmetic-30-of-63	8	1	7edb5a3dc0bab7e31b874a90600b67b67ce810129c6bdd8cf1120a16dbc3e634	38bdbeab21e202c763470dcf75dfa7697047ddbd5e7dedf092d9a89facd45f84
arithmetic-31-of-63	6	1	05e8502791c653448d3cc38085ca997b3f21b81eb351c64369d154b1d4561961	18feebd47f80440b0923ddfb07b26613e4327f71668abf96f3d1985b5b5106fe
arithmetic-32-of-63	9	1	bb8b03e1cd06bca494328678c9b5e9e08424fccbff8f656ef31024a0a24be18b	5caf036d706f169d5e6908cb0d90128c31ff00c4390a413d7e23903ad62d05c2
arithmetic-33-of-63	2	1	df3660b65ee5cfbd5884b244c3c4e726e17649f377eadce3038e089634605455	48b3fd50654f238900bc5faa3b1967346817690e5fac3e8541e2f1d445ed987b
arithmetic-34-of-63	10	1	55647e434db84350a6780031b39f93c893510a5661deb9b39a09bc9313e7eeca	bb617ee2aff68b4a0ec430f38971ccf302db1568d4ef8c1d6f7f13376608b573
arithmetic-35-of-63	7	1	6edef1e5fcba8f6c518e83a1ad653d136e26bcdeca1fd93b4c4fed5045d90db9	569dcdd1c3ca930c6962bb7af17d5cf7fbcef9dfa3f9cf6f916a23244e326397
arithmetic-36-of-63	9	1	12e94fce902f5ba85c40a9a48f5732d4ad16f26429e0a1f128af59d5159899b8	467a1d0950588733cf7e7c4c6dbd63576d43094b854bfcf893423be87967d84d
arithmetic-37-of-63	10	1	4d20e9fdb9f2a1964e7ad3ea75c785292e8a20a11fec23b3e02c31b087a4c24b	f3fc81f3475b533a0dd148fa24a1572fdf43f95ea34692006a045da3a79f8ab3
arithmetic-38-of-63	6	1	ee61442bb98779afa2086f163fa117823f0a5078882c52fdb9bc136b8e9df5fb	bc215272cb75483bc2968e1ddd1a1c2d81c14356023dbe791558c502680575b9
arithmetic-39-of-63	6	1	609e019ac4bd8b3b0b7610ef49d41b1fff0b48c0fc51ec384a2ff51ea3354e4d	b8fec58304466e104de24e15c32e347750f972ff7f14632f3b40e719cb98b1ec
arithmetic-40-of-63	7	1	db18e961b8d6178289a4ca41cf3750ccc8a7b1c69e6e77b22dfceb668ca4afc7	d7785a78cc528a33dc9f3f360c33ae775e52e3629bf9995c97c767e7b4a33a23
arithmetic-41-of-63	7	1	24becc57687d7581521184cbe3634819f07f0726a113fc538c160cd3b7ea5a1c	a486109251d70b75c29456921f7818dd605b8adb42d1c6463e8c5426e71e789c
arithmetic-42-of-63	9	1	60e742eca94703d3f46cb795812edf27c9ca1cb81fb563c32c888ff3ee961d74	835ff611f8afbbc31cc225124dfb22d596a8219b3736edeab1c10a20fa634e25
arithmetic-43-of-63	6	1	059ca51ae6340fa9fa6767e76ad68f4526f5307e2a8f6e0809499b7a76a5436d	1d62dcdcf7e26a7f000c7d21cebeddd26fad12e6f64a996e9c250b3f4bb54abd
arithmetic-44-of-63	9	1	039ccd4b08b0233f43bc2ce16fbaca5bbc0d14f993b04fb74b9615be00d35bc7	023ea9e4081622762e11c378f400c57c41d72e620a818685ce489b6a2e56e8a9
arithmetic-45-of-63	9	1	5d1c2d986ea3b37aae8aea4dcd556ebf5bff43695d0e08913b6df5500186fb19	1fc72cd9497eca6098a99be369c3ddebb44d498efb4caf4aed63c55aae6c22be
arithmetic-46-of-63	8	1	58e3fad03b537f422db2a4b83387cd4d201d70251a25839b5d18a71d713140c0	d13698d15ea5c3bafb0be3998845e0c1780646d288e701280ce368b9f6fbd9e4
arithmetic-47-of-63	9	1	d05db8a843bc861b765c7ed1ea2bf369f28a4065cde07b7e9eb268826eac2aa1	5ca1cfe96002fe3d0171a57908b4795e8cad87c85247328e886418198e9dd130
arithmetic-48-of-63	6	1	cd4c9fe599e509302ede6394d76e029d05a28c19d3ba8dd7d9dc5255ca8f28fe	3b9d8fd7e946055708f12c930040f1395401567abd3890a7d492bb8316fe7771
arithmetic-49-of-63	9	1	c344950adcd8013d41c92ce0629b13b0cc3807bb758a312788a617c308646421	94bb6e46a09bb0679dd9d521ad2cf8b11d6101593ff3390edbda38d8738bddc5
arithmetic-50-of-63	8	1	629dc5b1f8d8ad319916a8b0adee662278d3f926ca359edf241f85b12b24673b	1df621f8bfcc04a12a3f6828a2a10a72ecfb1a1ae5647c47ecde61f86b6fc535
arithmetic-51-of-63	9	1	fbcb426004695bbb9a25ec202e310cb1dfbad3ead109f2bee9f44374fcc56866	7a7610e347ee18447ca24ec07bb7926a10b26aca49d488d6cd4a90b06e1e7882
arithmetic-52-of-63	10	1	e1e59c768e819874a1c2101e1eae098840bf33d1cf7569e7181b5774b385ac8e	e65485944289856838e0fa8ce21e7bd8c13222f102cf933902744cffe2b6dc95
arithmetic-53-of-63	11	1	ca809889be2a01cd63e6448fb60c2a7bce65596b918e7fa4efc4af83d8058711	e83871345c3f207a9f7007a72f138b24230f6b4226e3936c1fc96f77e01e8af9
arithmetic-54-of-63	6	1	c8cf05502ff350669492b1742d0cc1bced0a9718313446a97644c16117119217	6f6b696ad520aa2e09e22c58e87b65eb8344189e139b49300bdff797c7e5187f
arithmetic-55-of-63	13	1	aa16352b91f2a9263567d4294f5c28a198700ce5c0d6ddc610064e68327b6489	0a9879e3688a2661d0bfc984e82b23ec1e1cf60dd66707dd62098bd2b038e1f7
arithmetic-56-of-63	4	1	d85176d25de3e54a715a5ebcb8a75353fcef8d1751a04b6c096315925800d734	20ddc14dd9173bd83cd6b8a4f7a05887b4a38627e4a2e84f17d5456e635bd858
arithmetic-57-of-63	7	1	b38fc45dd249add1f0756e8dfe16320f45d84cff4f60fb66ce3dd8315d3d756e	5c88bd888738a9245c41896742fb1c5e9c335a2ee30cc0b82d364481df561e1c
arithmetic-58-of-63	10	1	445a3aae2d84f808bd855994b872812620ab6cf8a126d04c2f08723fc2830385	dfe0bd86430fd8b0952ac3f333fba65d2bd13d6b84ea06e6ea377ef45710638f
arithmetic-59-of-63	6	1	29cffadcffeec6d8ed59b1943aa15ed2a2ac5ce980bc35a4cf5138546e42d0fc	6a1fbf84130cada4a5cb331322f9b46c48c4a92fa3bddb284f01e66c412dbc1c
arithmetic-60-of-63	9	1	a312e1a2223457195fb9f56043d733f920e8f27b3f5ac7d2f0972698d650a578	15c9733f400bcd42eef9f87d6723f16dd6cbc7742e0cf783c5ce1a24f5393470
arithmetic-61-of-63	10	1	78150b38be8ca5756349d0f2813bf372495cd68c8dde5066032bd011e7d77bf2	6aae0e9f164d8e73345652682146dde6ae32749f46b4bdb9aca2beb465f749b5
arithmetic-62-of-63	6	1	485f8b2ee7313b4e62c1a2a30ad247450328498d6f5c856e1b0b5aa5b8056b83	866553b87b12e9c772f8e64742e31b20b088fcbad024195c7c9aae9e536a97f3
bag-0-of-35	9	1	da6f42bec850fb1bdb44a671d15e9125cee54bb3ef8eaab116edbb22d1811430	3b03d12b7ecc7b7af080761a486fcb737e5a15c26f4558c9e11cfc6c675ceb5a
bag-1-of-35	7	1	bbed66dbd506df85d2f8934028eab1953567c186afc8cf084d1e983f34afbbf4	26134676bd7f3919b007daccf1338d347bf752d0f0cf1ca29a24b2ce75cad0f6
bag-2-of-35	9	1	a94cacfe158b617c35dad76264a329a2472c0257d8d8448d21364ab541a1f30e	989b32ea4d954cafca17b88f59a45a79a1a452d2535b11e1cc5564ba3c2248ca
bag-3-of-35	8	1	220b9241f072cb2165222dc93e30c08d7cea20fa5c4227a99ba99fbcdfa9a400	bfdc08321cb4c95d8e5ac03348fd78b0356e20cf4d441299c33670ccdda332ba
bag-4-of-35	13	1	f79233118a1bc703808e4298c2bd36a75e5c3585ccfd3cd8df2b1ce4d15e0f52	78c0832f492b10b8fd88281f33f0ed94871a21f0704a327645b5e44e20791bee
bag-5-of-35	5	1	7ce3164e266635b51cc69ae470a8814d5b3fdb7802b086d57d8412202bd45605	40a8f2b8777fbc76d3709c47b3fd0712b3b41ca41bdbcef4ff65a43df38488cb
bag-6-of-35	8	1	1b76ba1b82cf1556f83ea08c6f34f50636d4dfb15b030b893c8105d422bbd6d9	026c595920e31ba69d0a2c828c7b66884cf8cacc8c6507379942ff12d307f80b
bag-7-of-35	6	1	635e658e18d8161c8e1a0a1da768fcc2e7ad2537cedf2186cf7345e9736f9dcd	7b785241331fa6fbf31a25d247faaa8592f6c74b99f9d3596b4bbb0a473407cc
bag-8-of-35	11	1	5969208b1aecf1a85afa301751ae2c25ad003f09d0421f29980d1ac823ecf6ca	725979050c7640bb4542221d8857c0efebb2893765ba94e0f5c74ac17554048b
bag-9-of-35	8	1	8b360c265070c2a8cd2c74ab4f630a4d3b6c9f76fb9237f1e210519e9e9d17c7	29649b97648925e9b5232ba9f48b54bb91d2d829674315d7cd090da579735c97
bag-10-of-35	6	1	0793baf543ce8cab3c662aa8bedf43d03ee93bfa1f79d7734b3069d11144789f	a10538fe22658b56f1e6dfd5c0128dac025dfaf2594e3d7637b6a59ffb3d5bce
bag-11-of-35	9	1	ef4f8e838a4667ee2c771ecb393f4b9da88af40a73807bb37df86d4c95819047	11af53243b52b6e7949d0e50efad3b590b14563956ae49030febb6e9431ed1ba
bag-12-of-35	5	1	9087abfbd3c96a09bb43204834a59a2860657732f49780389c0becc1c7d62005	2c66ec2f44767fdd4bef650569c782411825f6af619fe182cd386c8ba217238f
bag-13-of-35	10	1	2b2c93f1f52ae186b9432258efb6df837ee50e387d5eea04898c3fea165b056e	2c46d096596b05d4b96ed9c9dc8c06f1daeb40e43c788dd996671eb7442249dc
bag-14-of-35	7	1	999cdba2c88ddfc3d61d8c0fb38c83ef03278c9c3166b19e01cb16fe6d31d1a7	09d9ff4666b261893ca53edfa8a987a5e6ca76aed1f2a412feff0c3a55a29eb0
bag-15-of-35	7	1	c59bd4331cddddaede1f2df9c69aca9d4004c89627640c9e84275e63bff9d325	bd4a506584a20b3ff100f57d7a953b060c1767ee13118f7ed91e980556fd729f
bag-16-of-35	10	1	2c2632dd76a2a77c387cff90064306e69b94475ad132f2dd4d0c9e6e30ff5179	1740d84ce96a5a745ae4f0dd6e4dc4578f281d9afae30c054d80a6f3ca7358ae
bag-17-of-35	7	1	0fc8f1f4c0dded2f796a5f351cfb364a2e2eeb2479828221ddd7f19400c731a9	432b5daff00fa25962cbd7db8c271ca5bd2af5d29ec0229795aff0cae582a3bf
bag-18-of-35	4	1	fff399d930ec6c155883a619772f89b67f9ebae9ef41dd32ccb2416b74ad2180	e3c5a6f1bc0ca5e9b5c3b2f90ad656b48e9061601a6a10acd9a722454c776537
bag-19-of-35	6	1	800ec1f8f245ba7da0ccfcdba12766250eb9671d78b6908a298892719267d966	746439e67bba107437294eda11512ca478a7324c52ce6834937d5dab04608c81
bag-20-of-35	8	1	18eec3a2c9e2bd791c16e75a823416021700a3c46f612eb74dfb0c5e3caecc29	77d64129e3e626d09fe2b42f684030298cc3cf0f2bdde4c741a9127450c5a231
bag-21-of-35	6	1	4e52dfe1b848dcb7d3e095ea5fb0e2b47d2ddb20c8802e9ef31e97e69a2810ff	ec3cca34f0447c36357ddeec422ab656bbf221819f16a898c2fb6a9c2e5737f3
bag-22-of-35	11	1	5e1349434a86396f7a996698f047c6066cca23b055b2af4557d340ae0aed337b	53881eac777e11deec32851c2a2785a053f8fdbb03c92577e37cd939f878a021
bag-23-of-35	6	1	0eb25ca6ce8530e31ffa4e8076ac264987a429bb7848aa8ceec68747aaf94a3b	03e39400e8c8e37ba634823bf72fc329588ad861d3b5e0d214b0d42cc7423ff8
bag-24-of-35	9	1	a979d90df7e21175226a8cafd9070a93b4d07bb9d71973daee134261e7beb77e	9014f0c3296b09607f6d745ccb5e98a9edf2051e1f256f5e63bb9f0bd5e5897c
bag-25-of-35	7	1	84bdcb4e82ccec2962f353da23752c33d0e64e6b24caa91b0e70c0195c2cc30b	f76b3ede1a4c6a3ed153281e5feff58194ebced25de7dda87e05c3335a42cc0b
bag-26-of-35	10	1	d4dee80b881a9a1e57adffa77618c20cd2c6cf6925283ebe48dc6387d998b290	4b0c3a82ce9607c047cef7c60f084c7ce4c8ccc598b45af2a35fdead26218659
bag-27-of-35	5	1	ad5bb707230a1f9faba4a39abbb410fe71a4698ec7b80d3066f3202816f8a464	9390ee8430b88c640ac265bcffeb14aa048baafa790201e136e0b3ab36108af0
bag-28-of-35	6	1	019586556e150d9202a02acf3f884675721ff3f6dbb1055aad92004c82cc2a07	5cc03aacc85af8c6c0c7795b44b6e0aba88e96289003ea8864f628349b9215fb
bag-29-of-35	9	1	86afaf88fdec17a754dff5a3cff7d5a8be68166d6c9670b68b03b80d0ce2ecac	5739de35a4a2fb6fa99877b96b64572b5ef7e1d78b31a5003ffeae68f42293cb
bag-30-of-35	10	1	5ee67499504493eff260f6895ed3aa7434926ea1ebb57dac2e75f766a59a804b	2d58eca5836ccf3ee697e7ae3af2a91d125593a9ee9c63500b2c5cd94a6efd3e
bag-31-of-35	12	1	48b34a4ddb34dc0a1848efd727e93249a45a033edb9f9251eefac3743c046205	b5b08c66a1732ae92543301271b09492ddc26e2db3aab56fa072620e20969840
bag-32-of-35	9	1	a686549e64e5341146df754e9f353be5d54b651f1b8ad7d253be7c9f51350276	7e9cda88fede5483667538f50395390c8e2ca9282a972aa1f155ad6187a146e9
bag-33-of-35	11	1	c639bcafc57ea3c72c2c6254181cecd93ad6017ba20eec5ed421f5f20da4a39a	6625d82afce74c513d1cc225602c1f036ba46b3ae728a5607013be1526c6b721
bag-34-of-35	6	1	3debf75e8c650ac079df3c123db4583f97bb0919a3645b346db11e3c0e98c9f3	df71e3f55eb17cc5bae79b5feb18f665d73d8e662fa628451b265e103c5fe8b6
bar260-0-of-3	4	1	17f3df6cf2369cd7f4da44b0c4da9855f8114ba0b45e36e55e6e450c16ceceda	034acaa133e419c6ab96fb36b886b915b0ed7e7639bf8d6952e13c6d202430f6
bar260-1-of-3	6	1	463eb81794f7f18299d4b0bf8a240131060b61063fdc9c5984812608794d85e6	3bf75ebfd5106a875e1ec331146a97a109254fc7eccd000c925d686742f7265d
bar260-2-of-3	8	1	95697a6e753a17692f40a4847eb3b4701758c0a52e06c0c1d3cac36b7a9ff98e	e7964a17e9b198dbee35db0a00da4e2bd3812500ce0a8ca2a2909f5e7db692a2
basicSize-0-of-1	1	1	94a2c0b13afed1656176065094f4e6d16f9a63831e948cf478b2a9c88afe4702	03ebfebc6b7dda2285624fb3842d759ac210cb3b84f89456fad642d4b3b99b0b
basis_emit-0-of-1	5	1	61987a8a4d0ebbf97e014548c63966d610f124f8d39da2b96f597b363887d20e	370547ae04d53f346681759a67f3e51c3cba0295eb8cd14bb4d95318eedee90f
bft-0-of-2	6	1	acd6fe3902fc6bc95482b9a4688ec784acec9cb4503a0b631a56b287aed66a33	ba40fbe5b5787bc7b01d157bf8360895ca69cd1138223ac87bcbb26cfd1bc9c4
bft-1-of-2	4	1	71cbfb85085af24599cbc6d9c28ee6ac7b256576a3feaacfe1634600a5553a0b	abe50b9037efa76654d31bc5e866dda697afc7d63b81e2baf3ec12cb6995f6d2
binary_ieee-0-of-34	5	1	3ea4a1afa3efdd33729bf955bc7b28939260cac414995ff48d83695865c8e5a0	26841df32dfd5a0e3634c8a5dfd71877bc4b0d3d91b7e26f4c26107175c0436c
binary_ieee-1-of-34	6	1	3ca727565dbb965dc1c3c4f95b7d21d2a298c87ee084469177715e75948240be	cea7341b5258764a1e5f64b1a8c0e4a2b63a9e905ee6fa2f9e581956105a9bd3
binary_ieee-2-of-34	8	1	4ab4c2b33939c538c4f40162c3f5ec98690b67a225e38ad2e8426a597d19200f	cd38e209b24ca18668c463848c6146ec52a1f3ea3df40906fae43e2cfd6ad8b5
binary_ieee-3-of-34	12	1	6100cf73ac2976bbb91de33406e4fdae86db6d106134bd2e2f39b69c9c387559	a6b935ab8d8662714d6dc5af345c9c550a1ebf3fc74c82ff59ca207878f00409
binary_ieee-4-of-34	7	1	f1bba3a1bf1331bd2a96b89337cef202f7100d434077fedef292988691091585	1b49fb3d9fcb327d2c5f08d226ec19aa8e64b5577dddd0c4a706566550c27fc2
binary_ieee-5-of-34	4	1	e0e7dd518580a2bd8610f85f4e273265fed86ffd8b4d3b503b66723770e208c5	2291208777b83ea2d622ace616ce33854b7dd5f3bdb5ddabf59a64ac0aa275ee
binary_ieee-6-of-34	7	1	0331578e73586dad46df56043f535949c2647848e796983ebb18918adc4412b4	c49e9df0d28a5012f67caeb19b636b842e0eb7b0b0f82957dd9e15517be9fcb7
binary_ieee-7-of-34	9	1	5d416665ef9b9226078babe817fc33d1d33eba9db27b69c5e30bb41a562f37fc	9e38877c184a51d4bf7e3a82955e0253ef0cb7f7be1b67d4cbbfd4922b1adf6f
binary_ieee-8-of-34	10	1	4a8f450187b45e92318e59ed4aa5dd7cd432afc5e4fad0ea8517587eae0aeaf6	afd9be2ef607b699225e42fd49365eb80791fbb0123475ac29167d4a4c35dd8c
binary_ieee-9-of-34	9	1	501a929866b508f49d7223bd52d9e22fccb517bea778c57693ff9a150d3079a3	794ca2c794a66a320264cd5aa7062756c5cc6a5ea3fbad697245ebc7a2c99e1a
binary_ieee-10-of-34	10	1	fce5d764aea3b72421bdc201f1c9687e0cf400f9fe3519ed5419379b6895aced	e0c6457fe5ffe57daf3a90276bda519db2f9d8b7e2074dcb619632829f7c053a
binary_ieee-11-of-34	7	1	e101ee37bf672aa2d95b7004d97d4d9d5b1d481f8182632922351e17cc8d6dde	723fa911bfe7ffaae3d71168ad842a5588121315551729a1509a7efd5495639f
binary_ieee-12-of-34	11	1	18ceef6b48b13b622e0ae200e7e51e4853cd031c4cc64b8174a8daeede435cb6	25aff84cae2df06bb95b7be137012e780523ec0b54549702e46ff2673ad54c44
binary_ieee-13-of-34	9	1	7fff4ef400270d5100e2a2e056f4f26218f14955166ab9e655d792d576890917	20430af3b70f1d79a6b03e00942c1cc44c0eaf94d44c4c58fcd42044805cbd3f
binary_ieee-14-of-34	10	1	61ea10b5273611544438dae9f40ed810486f2302f0ebb9616089519f654bc79a	bef730d5d0ac1c85c7e9dc2e65ad1d0e3b298ddeaa805f0048fc64a89a96ef5e
binary_ieee-15-of-34	8	1	b1a744446d5d1c365c5346959ece120aa380c6d21a238edc5dac810eac36fa1f	c126348e693074657283c4d53291318d3b8377de80f42066070762d2b2c80ff8
binary_ieee-16-of-34	9	1	b7648de4a4051fa1ff89a543e1da9d1e74e9e354a172de3727a262cde62d75d8	2a8a3da36cb185b670a2dcca821660bc28c853e1a30312c48c8aefc3cb4da397
binary_ieee-17-of-34	8	1	aaa167e5beaaa0d6d359be555bfc9e42687dfad365264717e9f4a57dce2af970	d9e8e3180ecb46b799afd6b4ac0ccef32d977766896b92f019fca824431d40c7
binary_ieee-18-of-34	13	1	08776ffa0d15a694daafe231186539f0acab88b59ebf7c98e10e8b0f3919c254	f51a63a2daa677147ae4e519bbd029d9ce409e0c6d0e1a21dba4bebda3b27345
binary_ieee-19-of-34	9	1	4e17932345264eb2b25a075433ac9ba6439fcf0803cd41f17079876697f8882f	ce1bb35c5d8b1dd7c396288cb9b18ffd7cd04e9ed1df7995a016f9c11f9993da
binary_ieee-20-of-34	5	1	05a2a8175d0392eb7950779d57e7069ca4c00c6c906889496667d9b9f69a7af7	87a1041520fcd6975a576bcda978a9635749dabd70bca7d60d856422cfb9b41a
binary_ieee-21-of-34	8	1	e7a6ec76193616ffe160b4b342793ca66da69e07de7ee31f3c58b3575473c849	97fdd6a5140de40140ed048f3a1cd0e1421ef09ae4a3d2abf2a501d78cd1130e
binary_ieee-22-of-34	9	1	0aefa49de47b91599f375ba84a4d24b5523eb97440e024a3925735cd1e401217	dd7c33ba460da6d3d3a8cfeca4e6f8c9dffdd5a6eef4c503c0b0ebbf49245145
binary_ieee-23-of-34	9	1	cafe9ad43be09e7b80931941dcf9dbe5d98c62a00cf98a20ab469f5e6378384f	e6ffbc3ca4630ed07ab4b48a2dc62aff462971ba93d379b60155c5a22ac172b5
binary_ieee-24-of-34	7	1	ca1d777a9e6bf387437b3e4edafbda22b8df6e400eef57d1f832d3cd807f3ed3	416d21f5d87a8090eb2359c87b342c3d8780531919674910f6c8fba84d6c6a8c
binary_ieee-25-of-34	12	1	bcc4766fb781edbeeeed58e832bc7b4ce72bbc04af060255c1ba465768bb7d83	da866ae95576865829e4ce01ad332fe783b3dd4c5e4e67771935d70a3b5e27d3
binary_ieee-26-of-34	6	1	5917f7dafe3898444a1938c9737418ea36ac50aada1fe8c8b3459ad55a90d7a2	4ff267d0f64d153eed91172a5a595a822e97692b15412e95272b8c416b299b48
binary_ieee-27-of-34	5	1	81a3ec2b4d34f06e595b234ebf42c43c57c428467cdbf6b818843f976d9e4437	eaea354d7fc2d5b6d2a30696a3c01c12729d77122aee33734cc1c2e05c19a638
binary_ieee-28-of-34	2	1	abc0ed1d03f0de9a336e4b026674c60310860e0bd337f4d35f07cc9d6b0fe078	27eb20a5ce8abf222425410076cae4a14a5539605531fe6e5e6ce03e329c6263
binary_ieee-29-of-34	10	1	b054bf297a782fe1d4572c9471ed71585e9e9634bdad8655b0cd30273b686e9a	f1a8a428319b849193929e2ef907c857de33a182f20323fd21961b9069a09d9e
binary_ieee-30-of-34	5	1	8ea61b4e9f154584a2fd885123d49a4fe21d099fee92b512b3ffc4b09721111b	dcc4d9d1b714766db8938f97e116cbdbac3916769b67eb840948f13775d8329f
binary_ieee-31-of-34	6	1	ac0e012098e6e211dee489dfb98f94cdff62b7939ef227766d3f69895e330e30	c880635248d4b87e85963db249cc7ab244c5c5f4c962dfb82d783c3b394325c0
binary_ieee-32-of-34	7	1	a40caaf0b3b45301bd7488e8fbdc4c46673a995f7b848ca68a2d25cfcf0fd1b8	fe08b9afa05296ddc94c9de276ba305b1eb9880f811491ccc1798d29c479a02d
binary_ieee-33-of-34	6	1	645c9ce78fa58a430d268ffcbc788eb6c4db421b0db71470bb42a7a0212830f4	57a777ee2f4e906370bb8b5dcb5372646836c8e8e8fb24530533f6f26d7b5503
binary_ieeeProps-0-of-3	1	1	41a337ac2ca0d8bd8fd8c078f4213b13d95645376428c0d404a1441cb7170546	199d417b5beb4cbf2779bc27bb0f990f45e875a4b94defa31b24860297a191f4
binary_ieeeProps-1-of-3	10	1	35a70452a4c5d7aff29f0743180935f1c46a47855958ac1d5f4b6c76a0ed1db3	b235870aa3c51e2c4013f4c0c63b6217c9db675bf060cc9feb3b581ceb959252
binary_ieeeProps-2-of-3	7	1	130e7ba58d609f2adc75b91c39982b5d6a2a12722db00c63fce527984dda300f	a80a1015dd2f22e6a9d1f166dc7490d0d18f1c4167fafe61537e871c29a5c472
bisimulation-0-of-4	8	1	9331b9e014936a94d1f49aaa2ec79074cf9ef53ed254c2bc9fb1adf38737615a	8ce166da2adf5679b537f4788e7568cb3f21fd13a032c449f563dd8b608cf0a0
bisimulation-1-of-4	8	1	df0ebd69f1aec71d9148b9b9c23eeb26b3d2aed0eac21f76b1a9bd91974185cc	1df032e542416900fed4be5d94f73bf3b65068670c31c4bede374e6d9df7b421
bisimulation-2-of-4	8	1	1b797e7c3e25582cf790c1dfe6290f723c3ca80e7fced2b3e175bf3935184e1c	b5ea908319055a24e4e7ec6012e9e86e5a1ca04e30c764364696aad29ef4424a
bisimulation-3-of-4	8	1	08c523452b662e6881ad6a9b8b3502cf46532c4a717621770568a262e26fee71	9a3ff4b65c4832d954538224a5ef3bd6b8a0c44768604bcf043ffa2e808a75d3
bit-0-of-16	9	1	d8f7a32f2d5156c7a5e43036a0c1084cf02e2d2a49fbfe2b80e22409770fb45a	37b5a695725e5d25a44f7c26a63a9e7750cc44a0ccd4158a192ee505d34eb100
bit-1-of-16	11	1	621d7bde770ae6f94294447c8544f9d25f1d1e7f4d5532dd41b4b7820a184fc1	5008aa66e7a6966e0c66e058111538a2331cbfd8c2037128e76cc98eb5d074d6
bit-2-of-16	9	1	ebd0c458d8142f1ba5497b7186b6ec8b669df4b76632bb39fc673feab97aa628	a6f3abf29db0617fe0bba962ff0bb0a1254b2ab4a200b2ac50299dbf1d3db2fa
bit-3-of-16	8	1	f4ead3e80436c609faa92d62d202892b7960c04929e50126834ec8d2e4f87333	5d91ddef11f6c5ee5a581797bf3b18fb55918de98dcd0f3523df4bd96d492923
bit-4-of-16	8	1	306072e130a50bdec328d1fe6dc8291423cbc320bb157eadc56f1ddae619c265	1b2e4482b738d4907f8f70bf95823196ae2a8fd1a459716ac4ddfd0c852a6c7e
bit-5-of-16	6	1	e88e2d4acfef2827bfdfde8fad560bb4257ce954fef1a9dcb3de5a3d88b7e909	f34692d6438b548b3e8134d3878e964b3c1dc9b0b3bd680276199bdd8bb8057a
bit-6-of-16	4	1	367209d5561489243857a5a69c291adfc75c62ec11c6aedfab96f1e9d984d118	22a2bb6d1cfd03a62ddd6094d04c7f8fc991281100d24da82840b79f449f269b
bit-7-of-16	12	1	53a6e67c3ff752fa1746dd695cd0568346242006a7a9facdb49646498d82bc0c	ceefc6647ccf314a9ababdd15bedde424d7fc50d8e19ca472f0955d0126a10dc
bit-8-of-16	9	1	c0209ba59cd4a3481ba01d0a169e231595eec3be52d6142874e88ceb85ac0421	e714ac2db8d480ca461483d05698badc2f38ef5a01053b03e110a37d34a80e6c
bit-9-of-16	9	1	b7642d23a262e8d5c36b6d9ec75f1c20881e5c4904855a679d1de372983a59c6	674f615dba82a85668659e3a30a90156814800ea09712c224e167d629d715d61
bit-10-of-16	6	1	5165ac296d4a4634d76e303a4e73e618056a7f50dd13caafdb4e0a61da5cc2a2	15dfd78ccaea32f7e5771185e9a13825f51e22f340992a2ddd2492d07686d585
bit-11-of-16	4	1	c877f48f990559fd0ce2bf406c21d8cb74280c68e19b16814dec8692581ca4d9	64eb36fdaeb5a761aabe79b127fcc1922acfe1ddcd87d1ca1001a869e99e618b
bit-12-of-16	8	1	71df542aca24eb2443aafd747863219311d8d6554e9f01b1dc8024f5b5b5a335	91e74951bc38cdd70a1957007ecf66a4e9d4ff20d282ae3802e92f8dae678bfa
bit-13-of-16	8	1	951934f660386eb876581f966ee3a77c3612cf11056cd63a0ffd24bdbef2d5a5	8ab5e90fdaa995a90c8e76b59ded020917b4e7ede4775976c7e4ff3afb48501c
bit-14-of-16	9	1	61953adce2ffb85b78161aeddda11c9b14c37fa4342b548c8e54342fb8871f19	66479f831da6c656c6faa1e4bba09ffb9c09be6d23402880a1777c56ee506b37
bit-15-of-16	4	1	44e3d770c45634925df798105d6dc3cb9e4bccb38666b78ad779a8a4e4a38b97	bcd2e63899a6bd72e1fca0cb5a48b58de72c948f7b49aa70265c00cdaf696546
bitArith-0-of-7	6	1	9b17dca97f76f4f2a6cd63f907e466ecc3a607d8aa74adb389b845d94bf55831	4f8bbaa62a6d33b32d1e57c7b8c5057a55d105511f6b8651c35e59fb0ea98e65
bitArith-1-of-7	11	1	c85b7c2f09a70a597b30282a0e310adc8195e9cf150ad0aea9126dd27e61a7cf	e591735a25fd50dbffa0faeee42cd3763cb3e5b7f193fffbb9e641c36480142f
bitArith-2-of-7	8	1	5f4209f5be47ecaf2e6dfec04132d050f63027b87b757848cd06b3c059903286	e069ed4165a973398bfe9d9012784a671cf1dc9aa7353eacffb70648fe49ad29
bitArith-3-of-7	7	1	821b6aed251033be225030635fd3dba31547b6746f526f966b34213ceb612db9	1b72eea1b4d9d53f4377e171b15d6077c6420eba1c9c1569778572582f0b131b
bitArith-4-of-7	4	1	721f5c6710a96b24a6a931387c9d1884a3d32f54d941a11974523baf154e83d1	11a7a66747e7a942af76631ec0db70244f3ff2705f523526809936ea09039096
bitArith-5-of-7	7	1	dc7251958b92a042e1ae7294891ab59e0a12a879df7262541de3e416c4d45e75	5d585df4840ae8a9f7f8d158c2d3e26340d353df07a572c3c0595bff35a643de
bitArith-6-of-7	8	1	13a132f98f1413843df0aaca9dae27ab0d1a07e60cd85b07ce05fce5a5e06ef6	30c437ea0bb2699ac0f0d1145d28f18e84363ba5cd38623fe2fc87b20bcd7888
bitstring-0-of-12	10	1	e15dc2fb0743e84616bb30d51621beceb14eec678d35afb31833666e31781692	4cc8ba2df2cf0b5c8e6e5bc582a1f61173bfe5ffd235ae3f3867fc4c5166a999
bitstring-1-of-12	8	1	1ac95c55b97a01b7d6602b5e548e80e15fc30c7679f71317693a978fc7c1e996	deb1af9851d213180f43b0e85ac0ae55a99bb60a097f53776f6d514fd9645dde
bitstring-2-of-12	5	1	a3aed65661b8ffc9db7f1c52a620127476d97a46b49e3b76e265c836c4dff10b	3ac3cb58337b1ab74a26d1f486f1d660dc9086d684e209c74ee3a0fe7a5e5dda
bitstring-3-of-12	10	1	15d8c76ab8ad4620315c3c3b2a147f59c3e77c81c7d9f4a5fbbfd13095b55dbb	f42fe53bbdd6033de9527cf62c756094bc0bef716b70db1962610f188bd2b96a
bitstring-4-of-12	8	1	5c4f39872df0443b1d6d715bccada2d2df834a57a4536fe189b0ce35d30ba44e	0fa92969eaddd8a1b85c368bea56d49fdea50ccd38a9f5a214ff7e3d9b97e97b
bitstring-5-of-12	12	1	7047ae2f9c3608e8f69fa36d0f3c3dc5eae6772e10df93988b4c892bfb984399	d56be1a3fd1a99fd66af5c0d89a10fb490de9aee15a132b5d3c9982b4277f1c1
bitstring-6-of-12	7	1	7097f55e310aefd30be27b248fd229950bb362a49484ded326f1d8190f1216f9	a5082619d0b838501ae7316fb257af59ef2a4333543f16b0e5cd46ce2031c000
bitstring-7-of-12	5	1	804c5f9b1c4e951c1e46e54e92ef80085b92a95795c90e049dbb962ed8d738c2	883db4947a21f2a227305061e7b432cbab6eb1bde9d4ac0827810c11acb6b5ba
bitstring-8-of-12	8	1	fa2aef546feab7e21605bfb0e8d0bce84b221f5a2447665a56b3307eae5648ff	b781dfcfca55742df207cdeafae17c24c2b10210e6ee36251c5c9d2bafbb08ef
bitstring-9-of-12	8	1	506fc60c55f584a7001add945be9935a9136917871f695e7ae9ad2b3e1ca8047	479a1c6a2fe19f1d8b4c4a6bcb815edcd4068e4d61a6c155fe713b4ad3239a0a
bitstring-10-of-12	8	1	5c616ff6ecf65b559f5484ecf1a368b585e76cfda5f7f5dfea193ab97aa4d0db	22b4c6d4f3df350a013ac48f09cc342e3a1e75b2e1ffc0afae8761671667b9c8
bitstring-11-of-12	7	1	97a291618bb3765c07ae77dcb4e86b94bb90fafccc9b67762ff1f3c55f6b6bc1	7fafd94ca6f5bacc81eee9b4bb54ed8f0f8044db482b82c430cd05b4be2228e1
blast-0-of-2	6	1	6151931cdad5bb4a0bad12ae8bdb21cda653c5da702d6ab9e3bf90f4fc46af69	b458d9dc4399995d2520c6b14a8967370e06c1a4dd50318ba308b9258e911241
blast-1-of-2	8	1	188e50f51d44ed526be0215a3a32d93781f715ace4e2195466fbc5ff98f4b55f	f2c504c6594e0b831fd7f5ef7e5b1ffffd90f5437da52b891c94151e77010d72
bnfPrelims-0-of-6	6	1	20aba36c0b79bd74120d58a16c7237ae4e63aaccbf380d90393a4bb8096ce92b	018a0139b390b697fefd42c83538df9178b34e9df2a726aaebd67ca2160dec5e
bnfPrelims-1-of-6	16	1	3e8e552c05eac784e13dbaf27c79f8296581244274e03902b854997d483bb2d1	933b0d98235f92d2fa82a7408b3dafbaf48ec259666a005228b3ae233507cb36
bnfPrelims-2-of-6	9	1	8e9ff7a0ca2285e8941caeb335c63b1d586f0d08e377cf7639f4564dc0728087	8befc82edca804299860e266febe70208a6d1f5b2ea7bcfe0ade930c84771943
bnfPrelims-3-of-6	9	1	68b822e6551a98cc26409b72fd1965b15cd2b738f87b108eb599419b56310882	1fdf16a982b5d6ec24c9220163aede5ffb79603b4e6856068b014bb50f89e925
bnfPrelims-4-of-6	4	1	9ae701ca10efbc2022826fc91b94667634b8c0d437ee1820f890ccd0b0a2aae1	201739b6cf7b0cffac493387df25ae3ec80013a2fa21b5d029d617687cde04f9
bnfPrelims-5-of-6	3	1	454a7fb75419d03df5921ef9d2f4c969cfb95c5e2e829f615bc6c6bb127e93d8	c70b3b2f042f0ee904cd0cc18900c32d21aa9c0847fdb7d985934d367d8ca44d
bool-0-of-21	6	1	cd8dc67e5b24847c71d209c1844ddad94b84b399c56dcf5873de676f9df64960	6c70f5d87b80fa31d42a528e46945fe2c4b4cf01395406e2e5d0c6323fd4e2d5
bool-1-of-21	7	1	6fb294f1ea8a6e76f756843ca55aaf287cfccdd5c8c3ebbbc93ef001583d0495	bebf0c0c33f560307d6b39d7b9cba3153d35cbf49d90b6f1c37f98d52ee330fd
bool-2-of-21	11	1	37dba064ba162f8982e0cb0886f53a6082ac3dee4d66e70a2d51193698e48332	ae50ec6db192fb98d4b699fabe6e1b5bbd64bb919d37ea239109c7e83d365127
bool-3-of-21	10	1	2e8cfb84d16c5fcc4a638bcc6681b6f820d844538d81be6875cfc9bac1c9cb11	b4926c5dc1bb92b0dd2bc6e562a18db813dd1df36429baefef7aeaab61ef9e93
bool-4-of-21	10	1	ff46b41cc0ea242a15f25eb8563c604f807434cc60c097822b2e84b609bf817d	947ea06abeee97a47344f0fc42b2f9d374ecff404f47bd86a1a7c1d54f299530
bool-5-of-21	6	1	15a95980308d3ac8ca2a2654cac3d6eb0bed84736023d8d709acb7c661cfc793	f153ae03e5fb5898ed6e481f5bac17e20157576f6b7fa4f868639c400032e9c7
bool-6-of-21	7	1	34ab06274108e0a02fe4df267c20a6e359515afe863792c84a38da671c39138f	035b462ba9682eb8e5ce483c7e505544d5c1cfa2e80d95c3094a12c64f65e29b
bool-7-of-21	10	1	306180af20d9a6dac33f0df777143f3da4070e5a9bc1532d88c9df04a7a78997	5c80ae0938e33919e7411e3eae9a35bec7d0f5003caef29f3aa2281c3cb4d417
bool-8-of-21	5	1	8365ea5e1817752045a0a10dd369884bfae1f8c34f4bb3b374d56b51eaed140a	c0da0df9b65b2b6b1650ea63a44186f9677b2a9a97cc9b5bfbda51d7881a1e47
bool-9-of-21	10	1	de43f609849314e144b683112caee80a8e89c5305af26999787405f8b4dc8efc	fa39915a84c22a8c8b9fb72ce04f46bdab39c518154163a875eaa704606437c7
bool-10-of-21	9	1	8f46ccc9333eba0e676a05684ee343c3e6056d1058d33d3874c03e6e07316e63	7c4078d94a86581f7fe636fd3425d56fa0b502b7d552bc7f03f25f44baec174e
bool-11-of-21	10	1	e06a4e55fbb33e42b10ee64327f309114c95c07cf280e05595c73a89706b06c7	9e19ece64d7134815f870b4647d7c1dbec1fa6dc1951f456af0a3d082f4474d3
bool-12-of-21	7	1	a84afada15863511f6bce5d306606b07c81191f54fa2ca3939959d43bf3b4bb9	d7be25b675c4445b17458f9252f26ccaceb7851e8743edf6b2d11af7ebfbfe6a
bool-13-of-21	7	1	fd449171b4d9c15d4cb8f21b3d7a63ac783ad5d117c99a0425cec36a86fc95b6	0a1da8994ecbecec7ef8e1904b8f3506ba106e882e19d9839ef273c68cfe8585
bool-14-of-21	5	1	84e1357104ceb6f163920e173ebf4c4b8264abf00d705d092a47a15ab198fd01	be1f31070f99dfb477087e8dcea4722ba47250a93b925387b663c21c93aa7e25
bool-15-of-21	5	1	dbcf4b12e3a5ffc09d7e69e3c3cef4350d832b0fb01de418817758030825af88	497282ea81100caa1a1c2327edd07c7bccd3a25cfe22b819f660dda91a57b3a6
bool-16-of-21	4	1	e56145b94011998add663559a0d9bd7782ef994b76db1a3a64f204e76e0f3184	4e6aa45cd85fa62f648809f90530924cf6c3e76098ec77610ef0940cfa4f0f8a
bool-17-of-21	13	1	06173d9e592dfbba604696502616ba7547cfd93edf6bde857c65eb6662d50f59	3828e54fb44927e512bcf6ab2eea1834e302d7544e05769befea119ac32e6d3e
bool-18-of-21	7	1	fb69d47701a7356c217449b6a9b39cfa3223f923b113e74552d722d25b098c14	f4ee6153245fb844439d568350c07b8f2086feee4a88d520cdd46e391d5d7275
bool-19-of-21	8	1	3fd213a0ed9e59afb142b624d97120a06ae9fea06f3030a682acdfb10e848440	fe36ded6f85662bc1eac89fec7752341ada1161bb16b14415e980d2def2286d6
bool-20-of-21	6	1	b886e46d016023652b32636e05b97b8077d248e654a0b534e6104a7b4adf4768	1d0fb158c60376f491e1fcbd52160d5c53cb8ac31160c217588c479cb6e93900
borel-0-of-27	5	1	3c50e2b525f90eda090456dd7a15c1b491733753b2bea01d5f0ec66a92923463	36c282dc6c9300eb8d36c6ce4140610d052da9153a622faec3fd2d81e6aad88b
borel-1-of-27	10	1	6f58e69bf17bb8c5c6d711481e2957f5611be33df4e1cf26f620367fe40ecd78	53586c9c1a629f9576d1f6763e44c2ba7a4557d747fa1c91c5c3088f73519233
borel-2-of-27	2	1	9cd4d0deb14019d58596a3bd09110ba26ff23dd5f8ae9685552ee57a1fed6fbf	88af03620b59e8168b2d59fa2138023bedc11c9ef4b0e28cd2227ff2574d7251
borel-3-of-27	6	1	e183f649f601bbc35363d6b5ec97d2c86398c5514b72381a0a2f8f2ba81e58af	e6ecb34c43958085b591993a7a403ae3f4df790c670099bea01064f4e88ab785
borel-4-of-27	16	2	a78e50bf1a628a2ab2d9eb0fa55fd42822b4739eea960074cfe3ccfabf6124c8	78d94f6cd763b38938f52c2353c7d6bad4d89e0c87dd8621eae0e5bcf87e353d
borel-5-of-27	8	1	dd3d104cc81de26ca8bcb576cced4bf0a15a7a17cfdfe7a734a1fb9f092215aa	7df48d0003fe093c36da1c144c924f9e55509aef29e59011e4fde4b62dfae829
borel-6-of-27	4	1	5663473385eafdf7a3c7693ffa01e10744ca04e3b874e197c7962de2f3886d6a	2ace26a4f059e1a0ee6dcca689c3439af8e25732f313a8ac0b1a2f9bc55f0d57
borel-7-of-27	8	1	6a79d300007f14b7f1844990fedc9cc0068fb7310c450dd5579b47d33c372097	511a650793e978410779e6220f5e690ad0dccbcf4ab343afcd0462ee1900c7e5
borel-8-of-27	9	1	1785e1bbd3c92577f4e9a902032e44f9a4e572dd7e006ca7c91b7c61c72680db	fe6d17d91db931182bd00e57bbf044781892caa952f85bea3f18c926904fbd08
borel-9-of-27	7	1	8cf15222f11aa3448ff565ba08d0405e4695e0635948cf72e6c0af0ad6fa089a	f3dffbb8fd8bda1c6031178d65e4b4778fd14c19def2e8c0d8bd28785ae22e8e
borel-10-of-27	6	1	977e0e5b3de990458b7f47459e8a52cbb3ffe4f1c1e2507094e1788df34b6ff2	0e32c873986bd6eab0bef354dcb7d52c0897a65d9c3f1c5af492067d27bbd248
borel-11-of-27	11	1	2448df46c6a688a316c784754650b5a6a6746e33cffa6804050e2516751a5256	b4deb255f7016d82c7a7d37d4a66da022d4913ad216d123a2d5ff9be3b8c8477
borel-12-of-27	10	1	18965d419fa44ab1c64ff2e11ba848cc62219b49a1d8f6556a96206e7c09be7b	309f2e547a3279bd953f4477e0f72bceadd5b2a84b3e09a2a608cdec3db7c87d
borel-13-of-27	10	1	b808cef7c5fc47fd3ea5154a02be8ab6ab59d889f89e3e45a4afd5e160a24cd9	d86b4856e68041d41e0edaba5e6d198e762116f94d9d97be4326c55dbcf31fb6
borel-14-of-27	17	2	20cbecf24be25edba633fe3bbaa02ce8c695db2193605e27615821a9f9d889e2	708622ee3515c4fa72ecbbc4a0999bfa13e7fff1e6c435152746b9f315b3698f
borel-15-of-27	6	1	c4fb903064f5014d9de8e69cea479b31e1a7e7bfc28e66f9b5aee5c45af25e05	933b8786524fa139c137ad190a2e6511905cdfd9e226fb890e466d5cd873a1e3
borel-16-of-27	7	1	dad442c5f2194d5a100f39133ec5b5ae0c8f5a8dd392365d93c016c25f7eab47	e60ccf90df263d5d3606911b2647449e0d491e0711246ff07703a29487c12d39
borel-17-of-27	6	1	f1bdd599ef4325832083a23afa10edc7fda707cf4de912e36c9689d11501c6a3	db5ffdd744093a6e257db7ec492def8c554a388e0bad58eb9ce38c4191d6cb9c
borel-18-of-27	7	1	45969dee7c46158feec26c9d6e2465684010574fa7542bf4f86456960a2c6636	fb81b302c6ae9e74f8320b587e51ee448d1c0f04f1878c6fc57de0c2fc2bdb18
borel-19-of-27	7	1	8d668f7ac9e625d436974cb1d73c784589658479e0863fd472dd2466f957e616	102a5c28093f5121977a63c94d391d0263f3ff96d8a3d9888bfcf34b6c14ad5f
borel-20-of-27	3	1	06e9e1723f406d01fc6eccae058c7f3d60a6ebc11501d898395ee089288b5e05	a3dd7ce8bc02368e692390e276b661b082e049517ce6a45550c52a60df26b9a7
borel-21-of-27	11	1	06d162469bf623ca6bd597cec33ff04d69bf75c174184ce9a752c0206ec79508	144353d63155c7c18347e71422ce8a09d33f13c3918a7d353344bf50f93257f0
borel-22-of-27	7	1	a74ecb6ef1e86bb8f7647187d601f189a845063ab08199cf3eeeba6d2ff4e9ce	e8b1591fad19b2313c3a64d7aaa9f48cc29b143a8e0301cd54efd7d517081708
borel-23-of-27	3	1	ba8463c22df6ff5279d95b0303813430c6bd893a67b1f51967f47b5d695e2065	980238f088a1c49c8c51a9ffcb27c1986ef4c006e07987446ed563c270c5b554
borel-24-of-27	4	1	82dfb433b8b81ba0791f4b29d067b229c477b25e4231d75ebfe33e99842f2324	2db7ce15e2f576e04385e8db6f458882b6f0e38c133534a062014cb214fc8f67
borel-25-of-27	11	1	a5fbd11c1d7baf9410f97904e9102c8eea92fd1fbb237c883717bbb7f49f19d7	e850f9c09072eedf72d588e735d3649182842c387f6d9767b22c8e0d090becfe
borel-26-of-27	13	1	eac86a4d65df6aa25d8fe2514e628876478224e98fd5acfa56fb00879569e70a	3f06206d3d701f52f0fd47858838b6ab530fd5c20e2c1a55e2fa1c8b74bfbf82
byte-0-of-8	5	1	6bbe5b66515db0463f78577066c13ed6dd0064487ef23118abb64fdadde1916c	58b508ac66b274a96db4d48a7e0526468f03b7a394bf968396eb88fe500f5cc5
byte-1-of-8	9	1	56feb99c09b9743d0d984665fc99ee47c857af8451f64fda047c3631633be631	59f3bf0c6e976e89df6d088c123d89468985ce5c02d0eb41a35159b5974dd2a6
byte-2-of-8	10	1	56b55bd3c028eebdb77bd554dd7e4984a7930b491b81adfad280c44d1a3b7bf7	32c3541fd8a0b9baf355fac13cba1d6d51fcae558f111bedca3ffe51114566fe
byte-3-of-8	9	1	dcd50c0d25df58be627e4a6ad31caa2e41f6855e9a263d501d8d355bea262505	83e835b29f60a46e55fc5d8b6ba82b6c8b2ad931fbfdd1f8d1366aa54a132727
byte-4-of-8	9	1	14d5a558f627f6ec3fa3a9da5eb3410cac717457d0c124823a875682ff37ccf3	8575e315179d50ddac62c82b52cc00fc045fb8a419e2938435a1f9edde9ff568
byte-5-of-8	6	1	a46d3449333d790e002ef657cb1132add65da9c231d6181824c50eb9f2b5a7d7	fb65920368cca49e030b984f28e9d53908661b9cdbbdfc083687b0219bc6ad22
byte-6-of-8	9	1	61e928823e3025961c5ed1f8a82709cbf481d5269a40cf38c99d147c99f64c23	fe77317675ee2527ac69b1fe08d869dc6f173790f1908084528a862d9eabb2bf
byte-7-of-8	6	1	c29dd5fa8c07eb10d713be1399aefcd5b9f298129196b739a2746e17d9b723f7	bc42eea200facc1676c979b698ad1e1d5122ec235a7f20b8240869c23ad68d26
cardinal-0-of-34	13	1	3621c5a0bf33a5677ab51a992bf7cc5496672bbacc915c96ae998ba30528ffa5	5379882745b316ac400bae5e4e9a7dd2e35d9224bde0a2bc0731c8175174a316
cardinal-1-of-34	8	1	21bea8ed956d5a81b586371d4a37c1edbf8f0c092c22a769ca26fb8b6486ecf5	ae81d8129b4c46ae1910121524ffd9aeebf1fac31c7acf2abdd72942c558857d
cardinal-2-of-34	7	1	f2a9dc111d81c22a14229c97a55739e2f486b9882a216e0c8c8f78c8e6b60370	ad6035860397d0b429b1839feeeaaffed6d39a085c517b40d53de6c1cb89e5f2
cardinal-3-of-34	8	1	0c4bfcd695149cf4f258c76151585ea93e6fb5c0ae7f1db471187a645120a3a2	654377e89d7a2e7530c0bfe33b6b86b8cd6be43cbbd4eaaa47d9c41d1ebe3f35
cardinal-4-of-34	8	1	8f2f32260bea702c2fff3944c8cd13ee9853c9310b40b116ca99352d785a2bfc	04f26a7417a9e661db6e1469c4763ecdead8686e0b8cc9ac8f3e03b7e92be7fe
cardinal-5-of-34	8	1	9ddc36b39d506093d88c0219330279de67272228566408bad07fe09fa49b131f	3540c9454d5843c2907f453e74508727954cfc231b4eb959b32a4e0221d9a136
cardinal-6-of-34	10	1	792cb9a8658d45b17ac89697b9d6ec9308dc7d3b69928c2bc8ace3c1798b51ad	57a6198616c496aa1fea863ca6019c762c8cafd3b1e832f3fb0526701ace4f64
cardinal-7-of-34	8	1	43cbd385d67fb7d11af0c918b8f9f7626dfcd6f397cfa27a900cc7a768a58880	9b5e5831e333c5b3bb30c7a47691657a460e8497f6887875c1085e30779ca58e
cardinal-8-of-34	3	1	788b5b58fde07c0e19e84b4f066b50839a6afd974789aa99db34c40f45dce050	28686ae613ae652be47139933dee9d2ebbfd68ee0cc806c3c7b83bcd80d3a976
cardinal-9-of-34	8	1	1dd9c6a9f36c30024255c6be0a8aca0664843c723b2628330234d21b6e41ab9c	2eb095e504aa88f3e0f614abca9b4a711131053ac4b88c217e4bbff2af62c543
cardinal-10-of-34	12	1	127c4d5ed0a45f10a4da02006e94cafc19d125182b8ecbebe83a9077fbc411f7	6c04b28f9949ac234b1352f6e7310e303380d58b446c9744b86d4dd4be85cbf0
cardinal-11-of-34	3	1	f9ac503bf6fffdf9f3910b7daea8b578c9a1024b7372f3bea779c6b8eed22353	3847695022e4479afa14b375d4bdf903799f67108dc07395f209998e25d7cbec
cardinal-12-of-34	4	1	96c5dd72a50f44e5c48d5947c06cb85ecd447d2fed5929e8131684e4493d53ce	0e975c584a6d4e66ce6842962c6e9e22098982972ef6a593d91ac64a91fc1641
cardinal-13-of-34	6	1	6fb7607ae99a93a481c9404d0d286f17e0a678f4af9746b1c487daa25a6cf80d	8ec486bd2dbd0d2a6acb39dd367aad2569b129e8cfa228d4f785a0cd87174413
cardinal-14-of-34	2	1	c913aa59536e408588170f4c1738f2044c66bc16333cdc2aaa7c536da9cb68fa	8f16c31da1ae1af0ed9f3bde41fb40b698a42dca2414a4de66071a3f337a37e8
cardinal-15-of-34	13	1	adb7bba1153f77959140d729d18f41504e757c2059ad1838b3584f55ff8c11c8	8f36a683f15062935226a83406d3c349be1abcd698470345367da754a79acf75
cardinal-16-of-34	12	1	33fc992715b830045da583f0ab9f9edfb40746757d116adfa5fc21a63b49966b	2423c3396fe805301ad7b9b979757b04d5bff220e94deb231d64b4ebb5cf6fe7
cardinal-17-of-34	7	1	0d8428fb0a3c2fb46670bc30c060ddd87382cb3c594cae160a44ea676fbd960c	257fc7739d69476e5390b4fab3a36b3396cd551689e967be0a5585032937f15e
cardinal-18-of-34	7	1	72a4739989ccfbbbb1ce771487a4edadac299afe560f267fd942fe55c8cac1c6	d4109969c5dcdf7cfae665404174bc8dc3382a8d6637dc3c94669bf3275261b2
cardinal-19-of-34	3	1	59a401483a0d227a3af9013369d86ae98984a74a80d3e8ffd99ec20e9458348a	009fd79e536196ce1d8a7220bfbaf6830fe24b2ae7321f5e032b39a18964b646
cardinal-20-of-34	9	1	b646ba5c036aa4919c0c5d2ada89ec920e44155d79e7b6204935d9c2b693aa1e	98b5fb48f79232ccd191e30f434d9310f6b9e0665b1cd34da010368b6e7dc304
cardinal-21-of-34	10	1	6ffd6e10d20cb888f369502d0b0136d355d747c7d85d0b8aa1fda10b9849ff17	c5219dbdf02bc8af69f9093a7c4b919c5a0768c53087f3f8d33b76f1c5175f64
cardinal-22-of-34	5	1	e0ae2be6235d6f3709d494151dcf76b2a56684cef735f66c3848e2b509fbe467	dc549627bff950eefd54cc536dee8ec4e1bd6f9be925816765abd8da1f01c31e
cardinal-23-of-34	4	1	07e1d33656e2c9b540c6ef61296e9f7f884c9b57df9f6f173561a44a97d8b1fb	ceda3a2d3447b482df7266deafdf5eb5be3a8822bec86a13fcefd68d92c73f2d
cardinal-24-of-34	7	1	ca46da9eb3e7ecd999b40375bcdc27be47c4306c71dee055df93666673269878	10b1a7de5ef5656741e6472a6fdff42c72bb6c964a8d6a55fdb9d78da9a479ed
cardinal-25-of-34	6	1	7f0e52f9c37d37f05936023a63f16324aac88635c5b87b1954ea67c86447f57f	2de2fc72ca225ec890daa6477035ce066cfaba6ba73dba9e9c90c44895264fcb
cardinal-26-of-34	10	1	5fbf5b60b099409ce4f4c946d19e529d88fe0689d4b5389104b29f310fe0a1cd	bfad416879514e671614a07d092d8c156a87714b5b88a51abc4ced82ea0ae032
cardinal-27-of-34	6	1	01178d52cc77a47989c55b0892c29c03e174c2819c8d050d07a0ddea14e08a7e	3d95b1a30b52563d5971c0380e8aa269f7425716e2aa83d60f96c83407e3c68c
cardinal-28-of-34	8	1	a13eba96c117f5eb31576c5ae35abccb2f88c81c0970d27898e6a239b9fe81ee	8f94f491f41463d5d56d36a1c1b1674a48b1291641487e9f3dbab911bb0c93e9
cardinal-29-of-34	7	1	0ddeaff4a0d798edfdbf6187e12a4ca8790171a51d73353ed075d11754224fce	5deb2d437df2b6d182dfa095432368f370b1f7ad0acb865bb571bb79cc65e861
cardinal-30-of-34	9	1	ebb8432baa69e495193459b2a35b9595adf781c055b81a91d954d017f8b3c8db	af45cd67d9c0537b0269bd0e33242f4891b0378d3ee2be0c61f85522c1538963
cardinal-31-of-34	13	1	3679546b1d6d77350f908ab0a5ccb469a0f1c4b5002a22465bf5d64ee28d0c37	eb9b2b3650d0441e241ef98bcdf6c20e218e8adea365b57024cc183a5814957a
cardinal-32-of-34	11	1	b4e58f8ebe6e5668f878e44d60bce926aeef2aea1f9d93d3f91a70c5a58b712e	41de78a5ce7ab8cb95d746077af5416c22c60600c1362321c0586418f41cd3d2
cardinal-33-of-34	12	1	9d93b61a55c926ecdffb0be90dc0a920ca63785811c1f39170a8f1b494b353d9	ef806fbe40ae6fdc95bee23fefe3580bd3964a3de52ddb7b6fe246b31462b84f
coalgAxioms-0-of-9	6	1	30b2516ee6095d532c8fdb4076519b5c402c9ca22b689bd18f10895b87268100	bbae67a999a625805af90fd278fe4fc65b5aea18f177aea11ddcff9fff57b31c
coalgAxioms-1-of-9	6	1	9c0bac7b6f703d795d35c3fe31a878891b48008635f87a449ab03f592923b3fc	55c57b7328d0281484a5d179e61520393892fdcf8b418a8c108767f0a81ec2f4
coalgAxioms-2-of-9	9	1	f025b71a32024f40996473505191cb4844393119c2783b42c6f3aa010333a693	2cf507a7055dfbeb19b36e598dfe2a6e18f95eb4ca637128d4993101d0ed3e22
coalgAxioms-3-of-9	6	1	78345b07e8e6188e8025191d00b159571aa6714ae98ee5507f68b3f8b6f3202a	1432c15d7ac407a792e4965de56e41e6c32565591f34fb2075bc3db49c7cf2eb
coalgAxioms-4-of-9	8	1	cc40170a1bc1e6bfe0bc7415a09cde994f349c63b96c89d9f0e10208a9e5dff3	da20bf4cd85f454f49106c236ff8900547df777178fcdb43b920587072228749
coalgAxioms-5-of-9	8	1	91dde810518418d42a27f2419ac8c84cc6f17dbabff766b31607cee87ef68463	4b81c7e0fdbbe13df94dd1c3f8791fca39c75dd6225ebc9c0d71be1ef4a918fd
coalgAxioms-6-of-9	9	1	b560f05b507f57491bba5ac7c5564ec4751acfb904858c1c0e87f9761e63bdd2	a9427b02a42c7533c147d153c670cbfa0274c9275fc65c92b9fae163516a927e
coalgAxioms-7-of-9	5	1	82667d400805863aaee6e2e064adfb58ecee95d14a311a1d0a8877aefd480a70	1bb7d8b8cdd405455c5406c08474cbda5d0daa5b020063431dd22e994e532af0
coalgAxioms-8-of-9	9	1	8701aae7b32c9db0093859b2ed5e36a670ba9e87be054ff47141f2d0c72fb0d2	c17bd3d859c90de3dc6b2b2f11b0b3ff11e49ab63097754957662a8eeda0b17e
combin-0-of-7	7	1	5c7c0a081ecb24cb9c9dbe4495ba4bb07b3e1a90dbb4eabda2846b755a5ae465	3bfe73445a9a3e490bc2248ecb09758eb02c1f1cc99908f1d1f2b73fffdc7f70
combin-1-of-7	11	1	e9de6e2502bf3e623df3f0ad7389d1a9a2f98f01b00724e9627669d41ddade9f	84aa9e679d792ce83a5d241b67965da0990d4bf3d40f3548fbff5c25ff7c9195
combin-2-of-7	3	1	65f78bbd0c1982d16674308ae92464c44c8345fe7eea1aa0b592210bd4fabc99	f357ad71fe7bbbf2f4230bf6ed18d25ddbcb5aa81a01804ea9919da30aea5e20
combin-3-of-7	7	1	4f4cec13ecab079e903975252e26a5d76cc72d1f33c01a2782d7b0421d76c1c8	a2e9ad7ced486b57b3a6e3af6f5648360ef02943337e63877cbe9d41684e981d
combin-4-of-7	7	1	b2683911410dca824312e828d9350db3bb192863ba26c1f4ba752e643614ecc9	72759cfff258f154076f843e7a445496b0dfa772fdf97604eb382c248e08fb24
combin-5-of-7	6	1	e408fb95960640afe6f79322801206e0cb53261267deb440b7680560729639f8	3a4292e33f3e3d168d1ce61130c9b910e28283ba8bebf2cdc2bdee4dd4137d99
