ASCIInumbers	src/string	2998084af2ea0b1ba3402f2fe3917376f87144f6fd161c7f7c37abed4c0254d8	07e6666bbb57718ca7e858a85b0ff95e7be6046bee876baa3211c98c3e150648
Coder	src/Boolify/src	6accd1181e116777fd867dfc3ba71a522cf9a4db164b4d744f698ffcbb7274b4	2a5562b8756e279b4c805ffa553886a20cb452e7b918d82fdf5a41965339822d
ConseqConv	src/quantHeuristics	e36cbbdb246c2fd2be593b445834f1ba4664915439f7e4aa7cdcc85f7287be00	531ceac123d45d1b5cf46bb4dca95571a4ebc155d9049f46b1f9352c44fd3816
Decode	src/Boolify/src	fef02cff3a57bb1ffe7b6d03156a62db84028a02838bc4467f31f67c0ce6aa86	affc5688284a31f78e86d2e3975ace1154d6e296cbf2b2af7c51d7acc4b15724
DeepSyntax	src/integer	87880c8b51b75ed8884778c6784c2a5181137d9499d3a46ca6e86a6a3f0a950a	a9855cfa9e5523f2739df67a2d35d2779b6b0e495f6e7d79843507e117cd9072
Encode	src/Boolify/src	cfec5c9f1099f256b85921c59c1aabdaba558d57e453d79955aac3d0e8fdd227	b333c840398d695dc83aabf338a835a99cb8ca4a13bf3b96923a2e9bdfb96e3b
EncodeVar	src/Boolify/src	de95d507c382cf353f7f3e309b6d623dc868dc7c74e67c37be92ce78cc5e82af	d2d58d703c72c2253d184dc260e9615397a13e46ed8a7c7e61bae00a8a19f837
HolSmt	src/HolSmt	2e0541b04a6e3b7acbf96fb255abf76ceac054aa7c996f44488115d6f022f3fe	12c123bf4ae98b6e73be959dfbd78916674f4681cc7c1450475d221de96e71e4
Omega	src/integer	600cac2f8855acf719b9cf5b61e5af583456557396dacf6a27563d94521ed6d9	d2232feb446c2497f4e8f636c11cd2df9f0a44f08b21a8625ecb90c6d2aeb1d7
SGAUnicodeMergeB	src/1/theory_tests	53b6c805093668b5d33e1ce7ca6c4e628a830891dcbbab27e24cf0935253a183	1ae70119c32340cb174521777531a4689a608c056b3d66eb348d88c7e859d573
While	src/num/theories	c1dffc50666228b2f4ad03a6b13437372ca33c3ea698ab71d411430c904003cd	5c18296aed4ac6f79ef3bd684559717ca664060dafb533a021b4c0d0c6a7ef18
addDB	src/1/theory_tests	7d0604de3c2d3663744bb3ae2a5ad27ba1086d4567bf9b573f77a1a3bff70895	4d6aaac73ed00a5b3f572199bb03dbbe4ecea06435f00f8e4ca79b1ba05d89a9
addMLdep1	src/1/theory_tests	2df13d57a2154785fbd0014aeab411e94f5e5b383ba22fec0ae28c6515a53848	4a94e506e61d6cdf15a511e690801049f869cec62b884e045a5c3030db891dbe
addMLdep2	src/1/theory_tests	c2fd7398f903d3898912429409da52bb819dcbd5638c0552a4d1290d265b3ca5	52dbf94a9b654389ec422281f55dc201ea1afdaa4c4bf45716ceff5e7393c397
alignment	src/n-bit	78c42688c0820d577472ab157cf69dcd807b5e220a85935a2950d6e59ab31413	8f3705f5d7147a70dab37f3dec5cc4c6230e01016e75805f628cee0d5aded4e5
alist	src/finite_maps	128c6124e915c1b710470d3e5fdf11ec035fabd84f4d2ae8fd605dc9dceddef8	c8327f0e40fa168d9f51865763e367b5d2d357158c8d112009e5bebb70febb56
alist_tree	src/finite_maps	5e33a5cb44c3839e1f394a4a276393b4b2fec0e84802f05e9eb967bda19b3674	15f49a04d2af6aae530ffa0702759b84e90c32c88a94a32fcadaf1de435ec8bc
arithmetic	src/num/theories	ebea9fa8e47c0b55b36a3c6ba7ad53a18a1d5ee65340fded694fa85f9f5a4093	7469d272374f9d7d2373a49aa3e31c9569002b9b1e5fcbb216eea717132dd8e9
bag	src/bag	c5d839238c77ea8eecdceccfc847d794ee41bc0da85d3cd94d77fb5e8d6cf985	49e86cc62bfa9e7cb59c53e43f5d7a935a89dc1387afc2e973b2b12c8a917d47
bar260	src/datatype/theory_tests	e33b8fa60c0b3c681084cd574e0001315bd78d13a5187da0e7a928d445c5ed0a	27af68db955a1806021ddadd29cb10afc03e2b6ab703fcb7aebb5da95e1a704c
basicSize	src/num/theories	e0489346189697daf4bd4136098ec31f27c6476db569ca2523a6c5fe4de37f97	2f6bf5e3396ae6405c48e488c785e5e470cb95b2cf6e5b3aa0e66382e59186bc
basis_emit	src/emit	f81f90b595af4a68c6226c3e5c8afa64d2275a2c935139ee1d47defe860930df	721bfb6f391c8bdfb5a429c5109998247cd483274c4f493a1b95d60229982125
bft	src/search	24d289ad28d859db8934ff47c368fa0e63fef99d79b7b6e1f6f5bee61bc0e7b3	fc6ba57dccdbd8822bfaf6ebb0d21665f2a708e6cd60696a5d0518350e0d479c
binary_ieee	src/floating-point	2c232735fc2b66005e64bdf7981e173e149dc20a9367d75de172d64df3bb3c57	d9d3327dfca91133c9fc8cbd1cba96b329edfbffd1e25330fa63f3839e56cf76
binary_ieeeProps	src/floating-point	c22bdf0d5ec6fef8bf58f3507c5d858d01d05ae61c577e49086ce7a0360c13fa	9905a9e44a6cb5247510b6ad841b54fa701a5ef13f24675d45af4c4221d798c6
bisimulation	src/relation	ec1d491a38a2361d9842f9864ebb34ca29c569db377c92586a0cc08969f7d4d2	e79c5965cb8d629bbe5cfbe4aae465b15dc9c70d0e0a74b44b9b6ec1d030f8b1
bit	src/num/extra_theories	11a57bd3209f39ac69f8af6245f491af5adaaa27f1876e48f6c46e0433fba6b8	608418966dc234e1706314467c42d1c90ff3df3adbaed9f38b2ea580136d0cd3
bitArith	src/real	de869d9ef568b92efbe8608cc64f4272f2096bc164fac9637f6028e21c9881e0	931edf050406782b3c2fc918c84268fc8e88011a427f1d8c2c990558becd5c8e
bitstring	src/n-bit	ae529d4f10cec598f9a71da3c914f1a53a03174b6dc1f3bf6b68a9fc130a9cc4	60cd6ae335b8de92e6bf564ede622c0921f05dce74f32293938a3b42a424be9c
blast	src/n-bit	5635e15afb5df8578f426eaa693ca1033bf8380725d329918647daf79bfa6566	2a88319a1b875f6b8e4bc952a7369fce4b7c603be5264d01d7d16003a355a124
bnfPrelims	src/datatype	282c87205a9e0c6f2b01af262e16f17d25c0f8a8652363f893b25cca6e407a61	b3f2d168cff875fc41e8525ae867a24b5497e51987443afc6700b97bab00fc7d
bool	src/bool	64ed692a2a459f62144c2beda21ee6d608b359dedc645041d3b49cc0b68007ca	474f04969f9a66c7d1bb6c1f935892b40af203d4746ed997244aa6842f52ad66
borel	src/probability	a7c357210783bc45c966e3d0383650ad86f0b60813fc59c0eda6e5b3220a1b67	596e1b33d223a5201228d315dd19cf4cf4ace642f5a8adbcc90f873aed18acc5
byte	src/n-bit	03fe99fd4d5ac657777974b7aeda4776197d75eacde8fe950713a1f442381bd7	1e861b9a7b0f6a4a3289968a5cb39779e257732b328307e16258a0f02a6f462f
cardinal	src/pred_set/src	a419d0f3bbf975f95e4191983d63105b9dcd945f805bc98f529a62c5756a1753	66a328e8d2502070264fa40587e0b0b46e3abb59aabe76438e9ed0074ea3038e
coalgAxioms	src/coalgebras	31055abc4ed2a88be10efb9fc7ff5cbd17cb36e222df426e1270aef0ba26e2a0	61257937b0b97c272c2a542ec9b6b3e15d011192c97fd41cfea07aa8d495ad25
combin	src/combin	d9579ba3a77355eaaca60942f466981c3e0ace8645c54597f0144a1f42b6d37e	7e58af59eda54db497582fe34967e44da3f888db394ce7600a128837388d9762
combinatorics	src/algebra/base	6aab37f434bff1980d06d8bf1052f35d07a79f9cb2faf829cceb9ef1836521e6	6148bb8c2a4dc42d50ed0c0a383a359e7cbc1eba743f671b28333916e5775c50
companion	src/coalgebras	1013cd70cfde29502dcaa0e1b1cb51075f32d2631e05b33b7b3c56070f9da239	b982044532160c68254d42c135da1ecbabe530eb22bbf0dc68e6444f87a09e07
comparison	src/finite_maps	51d418cd82eedfcf0235bdc6094b794a4bd5a715a9bb368ff77beda432b41bfb	c90ef917a74200790e9fcc6c4de313b54bcc74774627429e67af9b578b03f125
complex	src/real/analysis	c17a7b3faa4b7bab1d4c3b0fa959b8231f11bfa964c2a7a7821f807a006201f1	e1cbda1644d188bcdc32836621e8fb21be2985f4eaff09250b6504939ce56055
container	src/finite_maps	3e305803851e0d0ddcc369d2bc9965c26fc2abe2686022fa0b4120798ece6979	f710ed404428fa5d3222ae1c3ae743c459c1d38c490daa8ba0d640753f245d57
cooper	src/integer	d5ba78b2e8289b3c4cb34ea1a8f8aa0c83ddc3f6c4a5fb10e412da550eaa5df8	6f09ecd866e8c6e25a837893f5c77c6a192b9e8be9f8e3360a34d781705e3095
countable_types	src/pred_set/src/more_theories	426f67511e79c709b68c9aee146c229eaa0d927b4f94308130f89f5e2b2adbaf	dcad4e21770d2c2836a2088c47bfb09d47345262d717fb0abaddefb64b35c09d
cv	src/num/theories	7f49d394b868a23e3fadcb566186856572b2db085175cf637c75cc667c921243	306242d83465f2a8fb7acaa7895ed36af5a55a37d02c3f8d391abc7b08b34f62
cv_compute_unsound	src/num/theories/cv_compute/soundness_check	b3e873b3390660a367304a4e9661b80e97d32ca4e69f0c75b59f3a7c0825bf87	04cde90375ed908e0faf4abb63590981fb2cb3307e7e4d2e8c410ffd754d5769
cv_prim	src/num/theories/cv_compute/automation	38c9e3042ee5fc31dd2bd45b53dd0100973209da2d2d4f8bfd7e54cf7287d827	9a29ded439d376cea332fa187fa48b009dc20f76beead01c2d17057f791697d4
cv_rep	src/num/theories/cv_compute/automation	5eca9be112647d44d85e4a8d1b549301503209320b0dfe62c98ea0380eb79eae	48e58287dd075e66618f95579b693f02571ec4291cc9e0366190a86f2ff7bc61
cv_std	src/num/theories/cv_compute/automation	877acece1fe28df80b73e0dfc2fd2be6028f1090ae9017cc2e5c6a176a663597	42d87f954f8a84bb6562195cd9903df4163850bfca98f7e0158ef156f8746e57
cv_string_fmap	src/num/theories/cv_compute/automation	b9857a6366b128aaa805b8a769c901550c804727716e972af86aa51c3e02bbc0	55068a3fa0682ed349b5e2d4c4e9ec4ff473503e2f2ba67ead771196ce02dfdf
cv_type	src/num/theories/cv_compute/automation	453bd0df2a2a518f17cdd83962a5e69b84033205d1e8222b8ab67977974e70d8	dd57dafcdc4c164ce3917adf28461508ff486d392ea3d8982c07c10e67f04849
defCNF	src/HolSat/vector_def_CNF	0647818313191328a8bc4b1037ce3f601d61590b1ef88d83ac3922bd2831e7e2	6656f2ce1b9bafd94f567ed546dfd4787c4d4fef9b76ae3f3dea829e21c7ced8
derivative	src/real/analysis	ff67dae189b9b95b3d5179e2a653c091bec4a4f18866271a778557e1d09d2380	cb003cb30c62e380c24859ba6b671103c74dd93b4007308a6b591b04e95b96b7
dft	src/search	c9170d786b2c2d262d9ffcccba915ea36669644c586fb5e5a00cfd5d77e7f66a	4c9aeb0332a9ace21e4da3ec0f12e5957d3505ecc4abcacc2e7b9403cb48571e
dirGraph	src/search	d6151f64dc96cec8daafc8624ebfff1a72ea8925c2342d6c298e062dbe8af96f	0eab835e9a5b23338a3890e99caf28a3e49add5ade87d924379ac885882ae6f4
divides	src/num/extra_theories	44ac144802740de7a28779d68039b961fd04bd9347148b830ac558f7638364dd	9e7171f3358b1c458c3eb08eae30aeaba0bb0baff8f2a7111fbdde4907f66606
enumeral	src/finite_maps	aefbf67a71c790af872f3ac2c70cae69bcbbfba2d426905dde232f4a5d53e39f	f0dd6804f37a69caebd3a2e36c10589a79d05a1ce987b2c5ff3e847314a99b72
errorLogMonad	src/monad/more_monads	59fe77c2f1071e65f65857af5a192703dd076cce7c5d9f2a0281906fb247f507	e89122375aa743be02145824a3a81c8d5f5699886ebba4bdc8cb08d96909b0cf
errorMonad	src/monad/more_monads	5842f30bd4a5bf147f0d19560cef8241a97bfc29cd899cdcca2898ee9aa34f94	c060803fe5d30f1458b8a8c6e82f9feb056e62fdfa516d599a3f6c411bd323f4
errorStateMonad	src/monad/more_monads	33818abfc42e3517e49ac8523370644be548170a6cc78ce58a8762fbaae0aa07	3c61d705f101fccd7eed491ade671cbadaaea233f668f9bb20f88eb84809573a
exclSimps	src/basicProof/theory_tests	57452f188d0034ce7284bd5e5c50809246121afd50df183d41d3d5ed4af79efc	f301180c7075cb5f45570731e0f35d0a97a36fb714bde02f815f8c55b95dd6d1
extended_emit	src/emit	8d9a42145e2cf77846c56260a82f62813c97670dfe862b3a3cd76cbab1c67107	439bbf949d595633fa6fe05937b3d23448c6be2d2eea7382f3684f9bd604e6cf
extreal	src/probability	8efe3a67e003255834da87ba600121ab296969a0e085c2ad841aa0cc741dddd9	5ab21a82690af95fdf63793c0c6a08fbe0755f2692a05d9647e25d648ece6de8
extreal_base	src/real	b1c956c0530f5bfc31bd7cc13ce3e484702d4450404268b8205c057b7990e550	a1267964f5e22f34498255c3192bf7722511639d3aad08bcade61673ad6f0997
fcp	src/n-bit	9e3cd767dc49327f6f04695f65a14ad4f35c9864ab2c9ce59ba8f51e3ee9c84f	bbf93da1cacbcc70272d4717de6cef55464593a1268b8cdf934f83f1de662664
finite_map	src/finite_maps	2d1f0fabee1a045e67f902d222c879f90c5fc331c74711734fbf474e0cc409d9	8b6efd3d8a7ec44cec43105802cca751be73c90c4215e8e6d7381c9586864632
finite_set	src/pred_set/src/more_theories	ea15104f058c7d66fbb86d06d1e07059d494b0e97ed43903ef00027ba30105dd	a745b0d15b6226d64870a685607a5138dbea0f3ad0ff5c6e811d5684f0af5f10
fixedPoint	src/pred_set/src	6a6be1d2626e6d8d5af85df3b76c82203e2ebe2fe7b43ef1ce3cf83e45d0215d	0a45b768d3a5c0ffcca1e293c4dc9c0d58ca5a8eb7db499d34e8272baf8b9b45
float	src/float	06b90917bc95b7f0c7d1c25f9233b5bcfc87a8f4bf57c5d16d9c64354d511f0c	59eefa83e7f1c0bbdd8e07e42ce4b383e2cc41dea70c3620354be5e41a79a9db
fmapal	src/finite_maps	95e639ab6b6f0acd24c885d228061668727ccca9249040b95a60a2e8f9f60ab2	57f2345d4af80757abd82a86992476854a76e7949da8a83775059844453d3761
fmaptree	src/finite_maps	c97d901acf5cbe5a691b9cab7cdc3aed1cb79ddf4e2eb60787e1eb5ea6b5710d	f255e0e0fbf35fccfb4f21d1f3c7aad136caf4753a2277ec0571dfffc8073464
foo	src/datatype/theory_tests	a8e9a2225c7e728149394977a7fcf15f32d1d784844a44a6c3c7c207067e73a8	edb59bd41e6a75adb2928a247b6d03d05e505517edf4dac1bbdaf50d22c2b5c1
foo260	src/datatype/theory_tests	11d6d03b02595b74aa017ca289f35581ccf47782d425dba17a2fbf7f5f128fc5	df43492d504c30749e6fd6f349669717b93df6bd43532c68892d2e07371c7eb5
frac	src/rational	34be459ce5b52bf795023c29de69b97492c89c55c2e07f00ac564b9f20ece673	b98510854d799b88da620af47d2b00e175f45adf4557dcb05e2d8bd4ca1cf6e2
gcd	src/num/extra_theories	d988992c7a04e522be93939e078ef95a709a412e42d06f8a3280417b7446bcbd	9d34106bacce192bff9ebe13e2b861465b82093b5b58cab0ec81d33757e54b80
gcdset	src/pred_set/src	375114cb1aefb845f8a9ff15e2e5269c87a57e3121fc185e03cc7d595dd85b24	579b278ea917142bbce3a6719c358c7759a357b49e2f4054b28d7ff3c5940aa3
gh179a	src/proofman/tests	5ed0d4aa17847d3788bd43ca909f977bbe37b8a042becea3a7af37a7b17da9d7	3c0147cac62dc08313dc83e8e375136e479eb03092dd87ab3e55574fdb14daf8
gh224a	src/datatype/theory_tests	4d3563a8a66ae6b852d322469609684b740e6958839a8a39a8d2347a846a26d2	827b13a3fbb5495164c61f8cff8e6d3d348958a4c24ed098375d2b5f84e73a50
gh224b	src/datatype/theory_tests	bc891115094dfe25103dca79496b594bba133cf8b7019da00c8c5854dc476cef	1e4edec35e16261cdb6502347cad7ab882fa4f09005c18ffdc725082e1e2defa
gh225a	src/1/theory_tests	c80d4ddd519ae2edbaa4cc93d21663c3b36dde6c29cb43fc1a610f2d8974761b	a29489c98bda9e28bcb51c2298136758760e6e04eb0b32bd8a8b927f24c31f36
gh225b	src/1/theory_tests	779b50ff5a10aefd0eefb984e4f0e62695eb9edafabebb84d612b06ccf26631a	4f3bba8fff7ae9852a74556de2e2e75cc54e224c96b7e8faa37d2334ad47534c
gh403a	src/1/theory_tests	bf08f305c591067fc2b0f12b391bc16e12743e258bbd08c91627277db0f958bf	140b9f3b0215d847a095815938dd58952a3c63882a4cacafe2685e677578a317
gh403b	src/1/theory_tests	2df0db822f62b269a1a18ebf96db909f2704f4212f2748130a8c649d16f53bde	a23fa3de8840cfa9e0d412ecc449b153d7810c509133f76e8efd3e2ef5bfa05e
gh725	src/proofman/tests	c76de406a71202e12228a6ac2f95d164edddd29445ddac316a38e8be1532be4a	f76db3f147a626ef2ce8fd3b21ca7a147ca65a6a583bd08783a8a8b202e61dd5
github115a	src/1/theory_tests	bcae7f1cb37b02152fd650c80cfdd92391a45687e190aa8730981b0df5dfbfa2	1fb5191bd6775b465dbe263b2aa290dc4463d5bc38ad8cc3fc6e1d08baafe1ca
github115b	src/1/theory_tests	450fc6c21619a5e5e911540be9cacb1ba49b6ea896dbaed8a9ef1c52f50050fa	453309f0665223353c058f1be1e44c0e35334c8383d3bb2d4e0e134addd49740
github130b	src/1/theory_tests	1953c08a1e85a3d818aa98d73170a5af896a804333d7de78f19bf88027b31e25	00cbc8708852066d1adfe019775aa6ef71a01465a197fccf0efb3141cd8bb292
github234b	src/1/theory_tests	5cabed9b883de673b00a5d7a5c9c29df135b8e15f77b3f6453a2160601214900	c8bc95370ab80552a40202fd5f726280e0c36da88fac019ed802777cb9b00d9e
group	src/algebra/construction	a6d723ee51269183bad5b034a85e2636305ac62e55c6cb805bffa42277511f37	bf2385bfb68325ca40cd5b5e00fdc42a095fd9e3f6f67bab3c8d6875769b672b
hrat	src/real	e129bcf534adfc0851d0a288c3c1403a7137ce5f36e052731dc1ba1c2de96678	c14ee76091fb256c14acf7d7f33403022b6db2d8fab8e64d863ce6c613c2b33d
hreal	src/real	fb3d7dafdcb4d6613b7c5dc23cb73f71d2c1de13cee9c0084fd699c10665b1b8	b476fe991814fa6dfa58c32d9f64f0179fe98457f1ec56a6e77976c2321ccf0d
ieee	src/float	42f1a75143348d70249314fab875772ee5bb5377fe6cd0f8d9d874430069a5db	f38e4ae241fc89b733b5c9375c06b8e1b0e60cac4ef12694f426f1d805d9c6cf
ind_type	src/datatype	36bd370c6c190bf58c80144c1df656d53847dd6018632351191602ed0a7d7e97	d830cd952fa3a983c88c2954edcab096b5810f22c67bd7e46a6386736412771c
indexedLists	src/list/src	3f15c120955a5d5af2bfe7823168af49dd63f6e9ff19d77fa9440176e0f2a23a	516eabe9c62b39ef0072ffabffca4f46d3e67ee0117e02998ee6f10279c88f62
inftree	src/datatype/inftree	5ac7b15e70fb990ede48759231dbbe7a38580cb96800bdf27d37a8f64dc64d2e	ee53351622b0bb98e201c626ea93db935d5edceadb400545adf9c468bc9ea48d
inheritCase1	src/datatype/theory_tests	96da316f52ce401791105c8512d6beaa773ba81b880843e037a75d3bec55b2c4	86835cebf269f24aede076924d6aa481539bd59089424d72d5437cd34944517a
intExtension	src/rational	8c3849761620e2691a78a18a739d804ca274def675fa082ac5f16fc7b9b230aa	b1047f64d550e505553c4976fb6c696a043b2fefaa19b6df8a1534bcf2bbd49a
intReduce	src/integer	ba002490b398771a129703c23714ad36a1d56a6a7d5fd8491224799ef4093abe	03bf159c93515c0dbeddb803b2fe0f3b91e2e7b9459da1aa1172f0165930bf7b
int_arith	src/integer	4587df93a39d04d7b4aa2e0cae43eb53edbc9be79de6ba68194304e737e8744c	d6a347883a7fcd25b88b85114018b1967a230479f0654d43d0132dc462d9f8cc
int_bitwise	src/integer	e3902f47b37c76c1587e7ca6c2b1c653f696eea1a8352ec40a436bbd667d36a1	b8bbee9f6ea694cddd546ec9fd17cc9a6dbd59a3555dc1c27b53232e632381d9
integer	src/integer	b824e4c0f8016f2c2593d43866a67e818ebfd89a9caa85ebcf6df0ff20f0931b	8966e60fa14f883536c3af36e727dd349935b3e52338b3401cba18124db56512
integer_word	src/integer	21b37b8c7160b826edcd33453dd6a51e9a38ce0721e238a9395c60b1c8de9f43	1050a8a0c2c230e14bc865e147c35b95d275c7315e7f178c2889aafbd46eedc1
integral	src/real/analysis	1d607af2d77239c5a0debe20370501c8ce7ea1965ec2c1ac2060fee06517ad08	2fa4b0f75a38a1d381ae4bdfe7efbdc4d261dcf70c91e7d97013416457e3cc6e
integration	src/real/analysis	7aba49374338e6ec17a74e9c8e7324f263a47c34327b99649dbf3d5ec6792b5b	702de82960c92eaa138d8367e1b6b3cc7a3d8136636ff685413bab3b767d12c6
intreal	src/real	603788a1e6ba5ff85347e2d323dc3e35f576fe021f9632131bf4d2dbcbf07ece	82d577bfa5c9b3d7a48c0167e4e8904a597da392d9074922aae738fa3447b935
intto	src/integer	5dbc9b2426c4f5414ef7b98e29cd48e7d8459a8e58e0e367f19f39f5d86aba51	f71a217e24db686222ee30df76c6af21d0d4f6a8342341b3d841e19812377dea
iterate	src/pred_set/src	01c20f4b42dfecb1bdd2389f73cc81ff89769849ae1d835959f7305fc62de89b	4b9958e949534b9b65ed5553677a28aabe426c142e602cc58c3114b30e6be518
itree	src/coalgebras	8229327d7840085df2cd94b1feb98004f6eb241328ca655897acbc0981e25c61	18b8b48439d8cd86e1cbd76a41e444805647cf16ef26da78e51cd50a30c83924
itreeTau	src/coalgebras	e3337419cb2d24f6ab058c295ee81d977373dc9049c0c9a0af0f6394fd59f92d	28c43688ded3ac6b3984ecdb832612812188bf33673e9a5bf868d2c613fbefe0
lbtree	src/coalgebras	b6579060fb9c99122a2b952444732f6689ac683333b5fce258cc8ef8d19be3fb	9297e73b28e199752ac4610f981e769f7652ea5f70db1159cf480b47fd620d8c
lebesgue	src/probability	32ee3d1b5fefb330c34d286f9a26aaaf5baf5ead1b87abea823b110e286a70de	0a92ce1a8b1bc5aa6b706472f117be5862de6bd183a602331bc9c6ea980b62e0
lebesgue_measure	src/probability	39bb70e67fc9504bf9f1ac64a317d01b1c7f30105012d16d3b34288def58e3e3	fde5325c08d0af796c7c0b692578722289b81f451a1271dea7f7747d50660854
lift_ieee	src/floating-point	3ada6757510a8fa815c0982558170cf9ce4eba9decb22a59b5acd003aaa070ed	fe1930e7ceb04e7f5227ec8c581381569719b066fa13a21a8d97fa071fef4815
lift_machine_ieee	src/floating-point	0c347e3d84d926d63dfafd178b3423fc12808a0fa78ffd3df26fb186f5a902c3	ee79a4b219a2dd2d648fb8421b8892440f05ecf1c930e4c56a3c9440d0183316
lifting	src/transfer	92a74d18eeae9f9e4eb73473eda224042735ba81199fa442cc4fd78ae0bfc785	46f2ed8635ebd0adb9c24a32e6406dbf4be5e7eb227c2f0be7d02da0810454af
lim	src/real/analysis	787f155a352e6b42b275a7cee42452eef1d7d894965e9168c3e4d1b72124c568	376aec2171a74e6283717533977a02bf8248fa57830f0d44b8d2040eb1ec9251
list	src/list/src	7bdaafef19b7cfa303c708b887b505f299f94a7cdc9c3d660c6f434c9464b16b	277995aa1e427ce270191270ed31ddbf4c02d455e70696b9497b7382ed64df49
listCardinality	src/list/src	79805a6c215ea5ee69fce11730f58cee4fd459fcd7db0f3c2e1900172c813866	a065b2f10a5da7c5fb5c115df28474b95652c5a5592afe6af9544d63580a906d
listRange	src/list/src	055c154d72e7a1d91320460d7d730e496d749969be160732dc6eac5c7969d2e4	db8f9061a953dc84625e7a6da4468a502c612bb4ca4d88dbc262b6245a8dc402
llist	src/coalgebras	82a729065d83ac061b2e55782ccd699bcba2a6eb359d8af97635f8b4d7edafd5	1bda57f2a1c6626084c5e788aad8fdb365267661d02a99a702dd8031053aaf16
loadBNFPrelims	src/datatype/theory_tests	2cc6ec731943677df19b26fe42fac53e1df0d332f7430e42de3dcacb3b56ed1a	4c151febe03b5cec888d9903249fd90b7fa012b4fc03203b4a4e8742ceabcee8
loadDatatypeA	src/datatype/theory_tests	d92011873ee3024cccaba9198ed51c21fc469726dad49c11d2eee370c83b9198	1f71ed67ea5a9d798ce0d06eec4f999ed610a297766ba5b8dc40bb2d30c72382
loadDatatypeB	src/datatype/theory_tests	74e6dab5bc36d50b576d379b97d151b05a26717027c63f6a9e925eff313967f2	e1f04dd107b903e1325f3d24b7f96a67879120b07c52947df0b438e65d88d03d
logroot	src/num/extra_theories	805a4f131da2a811323662b3f4a06d4c0d1352964c559bf96b00cbd23000f12c	cec5bf6ec38b3c00b71a8be8357d5610f94398f1650d22add7a4efd236b242d0
ltree	src/coalgebras	b966e414ab597e7e04dc35889f775ae6ae38f635499829d0122952c701d7527f	7f0813c0896d77cd9d0771471409898bbf555fb9ca1d61adcc5e010eeed1575e
machine_ieee	src/floating-point	d3f2bba6162bd42e6ebbaccdc311396b9cdbc42a71147df5347bc170a7a051a7	6cd37aacfa1c533a748744aa5e6c59e3d73fed9954eb3ce40814bb2452de7e3f
marker	src/marker	7649e335861badd86f90eba9dd22e535c15b4cb60056ab0a67fb644134654aa7	4794e114205214591c89394a19420b0ed50f8e24ec7a1aa66e7fe5a809d00a63
martingale	src/probability	92f13832e4c5bf4f467c741bb97d4add5dae3393207fa6012623428f743c86ce	6ccd1447e115ee574f08cea771d254cf6ccb8b50ba47d93c03e3b70e9b2a5a76
measure	src/probability	44754a059332a5f62ad6c739ad8773fffceab136522c76ace1c3ce98a3006fdc	3fbddc785551784a24f3f6011e1179d01f679545294b91a6c1d3ff31290478b9
mergeGrammarsA1	src/1/theory_tests	76d54bceb70490bf0aa22d22f085683264677980e796bbcdb6b7c7a925b6f4e9	d5f23d1b91e560e6a613dc3306fa53e3f0e4472ffc2e0383a1d0f4d4bafdd640
mergeGrammarsA2	src/1/theory_tests	137cac89a5763073c149fe7ca9af14d1a75d8dae141553e0217761dd66388d61	70e60a6465ee586750a519067ebde2d0998c392b913b149ecf9e0d9de6f5823f
mergeGrammarsB	src/1/theory_tests	621149fb386843142aa07472143383b3417852429b04cf76cd203387e29d27b3	a81c37bc15d1a17a9043ec4327318a04b5651e12deb6730adfa64b8c548d7733
mergeGrammarsC	src/1/theory_tests	6b08c36e63c3ef790bbddc045c668104365b72839563531931b9aaf4aa9fd487	37926e415979bee24ab2ae75c5faf084f1ba591fbe77912065cc2110615db402
mergesort	src/sort	cf77ac8805877f6ce5c3be90e6ab85f411f638c64469f163f66175158a4ad682	f270550ecb06f2297ba44701087e6057561b684657fe177b192b233735ad3dff
metric	src/real	2cf3a4ab95e30ebc56d9348c71dc8cbf7907065ddfef7b7a44e870b836fd2902	ad78d010f63f902cf7caaec445ec183f725c9ee82b4844b483af70a49199d593
monofldA	src/datatype/theory_tests	308cca11a546fcbbc8dd4f21e389c3be17b516274ba1e9efceb1f9809c14c5fb	fb70f8cf5946a031056cae45e3c764c8d383ea827f4467654af7bc112bd9821b
monofldB	src/datatype/theory_tests	a8895117f5af9239de98dd90d40bdf630b3e0482b13dc102d8088e3a72446398	1811a7a0627f2065d70efd3df524ec271bdef047904d1e88880f5046bc2ae4d6
monoid	src/algebra/construction	3298069cfb9e936ce8c7e149387cf3c4058a0d64e48a2eb89f060fee0f4ee242	861bead7e64fc7701c3824725b7b9dbaa240a44e405ea12f364ee07f14bfaf4f
ndatatype_ind0	src/datatype/theory_tests	f272cef37dfd4c8d04291b106b95ca898e971dd598ae75de9611af1ea899a33c	ad1c903f8714e615e67dbb82946e9ca17713290d9c110f2830be6771aaab1deb
nets	src/real	53e466f430ab0225b19bc0b3ec14ebf101b7738b6a13b14520669b4b80db52df	fec78a89f8edd029da7c35d12fce0c93b3f2135297e0cf042d19a18573a28e33
nlist	src/list/src	228e525ccad20768579ad6db818dea51abeff2a9aedb383ddb431545d690a1f5	51100ec5f2070ee544e3f4102d0c5a10f877e99bfeb7df7f62be52c0e7d120b5
normalForms	src/metis	8916ea64269ebc7979e96fd3eb75b4af5bcec7e560d88d8378f3ca8f64bbb15b	c272208448b6c98607f97336f4490a3571ffe2c425070d1f473ff28cb97a7b68
normalizer	src/num/reduce/src	f1e9d2cc1e8435a0c8fcf7cb3f402fa1c1be90771e3760a2cf7d484903e1f8f4	86e24f1f79e13372eefc13a3a2d6ea790a0ab94ed7c0d1a3581e3d1777cf22c3
num	src/num/theories	7d6f88f38730e18d5871198a522b7306fead0e8227ead8cd1ab520387b8c93f1	ee5613c7696dad70b14f90f73a72b471bcd0fe229d490efa7ab9031b0c2939c8
number	src/algebra/base	a3d141ad780f7e639232c50cf38d249b569fe452963c0eda152c370c23935035	9919e333ac27011e9f41cce4c134127380cf6fbd5add03f8b8086a733d9a0146
numeral	src/num/theories	74c4f29f68e5514022182c91e902eef2513dabb2d694acee460211983563206e	5853203f5f0a24542cbc33d821d36520775bb78fea5e31dcb978f4c3782af8e8
numeral_bit	src/num/extra_theories	fbc745959dc79f1b5a1defd2c77f4a00e7ea700979b2dd2346a46f6d0ad894d2	aab8308c49d7f1019a5cd5b68fd72116b602acc5982701c80a666aa4abc19fcc
numpair	src/num/extra_theories	8ecb5de8ba55ad848308212a0e4853f9d74f9a55822cbf28658103a4f18e644b	c1fac7a636e7c00234f18332d8b5999fbb70712f5073bf68253ea6f4b9109828
numposrep	src/list/src	0ce3787d1acec4ba8455976c7b81e356ae311e4c25d6183370bba271bba091a0	8f03c56e37d3c81886b1583e272cb1e11ea712839382ce4af7150264b971f984
one	src/coretypes	a64fe664370f6c1fefe06ee1e5dbeaa54483b9f2c77a3252a89747f4af9aa7bb	90f62ad47157f60629c76106872858897ea2bb8610614e28f97e00378e9baa84
option	src/coretypes	0a2ff44667356b2639c75e895ae9f318bc0f6f48992897f4b78f8036efd97824	1f9e863b1b2b794fe845389db892eaa1aa53a555d912b6fe3e546502001ef126
ordNotationSemantics	src/pred_set/src/more_theories	3efbac4a6aed992b0bc759e5319b2dce4022bfde4a3ad3be1eb9c19417311a0b	382c49a0194649e59f16561620a29af4774a1663e4722e0c98970ab24a0ce235
ordinal	src/pred_set/src/more_theories	0a8acdabef5e0661b036105429be08805a4243e6e7edf2dac26c28beca60a6fb	eaecc2b497ec6974006073c2189e4d677951a84eaecfb812b5e29dded9e2b2da
ordinalBasic	src/pred_set/src	3e07d2a2d7fda0b38af0b11fdf56f2ab6a2bf3dcc004b531934d896d1256d0cd	dd266a275aac5ca732ed991c55ee4e3f2815e80adcdaad28ca40a114bc0516ad
ordinalNotation	src/pred_set/src/more_theories	5015f383a0829d3d703a587de53fd8f62f27d8f0e1f7a515707cd95f5d7be0d9	412fcdb9234d7c4edc13b3b5ebc5437e9f784d91dbbed9c044a2e66a4941f6cc
pair	src/coretypes	9373d914f66e28aea7dbc6cf052d877de5fd899d32dd03a770ec2076fe09610e	7ebc2c0eb227e37df629a38e095a866bf839df74927a17f929c66df351ccf3ed
parseUnicodeLambda	src/1/theory_tests	52b7b7a9d54012bd4e7e10882516e197f5dd40a0048fed16f4d618bc40ba0e41	5be160058ec0791c5469d1243f970f8df75366f7a7b391069ae8a9b90ce83c71
path	src/coalgebras	adc86f4bad726c5c6f63bde8a110615f77e5d9f9adb3f589f183c9bbf9d2c3b7	6eef6566d13cd5bacc56ea0e03be56a0e975a248b1cd9a8e23b986aa14d2771c
patricia	src/finite_maps	6d0733ca0667cbd07deea4e13cbe13f3b6bf5e015ad133b762edda00b4193e3d	1bc5ce64a10ca4d963b8b981a040755a1dc96823bc189205f63aca2e852e01c1
patricia_casts	src/finite_maps	43cf5db7c4aeeb4f29c5d3fe85d2fa9f4e8581e5335539c92002c8e7529fa923	015a45e549fa0a55f7eb0bfd45e2e63b3005bac7511363778079f935e30e86ea
patternMatches	src/pattern_matches	d49b22a9a482696acc2a9b9a5550d4d113f4877d9fdba53d5f2de84171144d80	17afe552721e9dfe32fa19e38d5e9e55c98bbc81002533928889a6b912f11454
permutes	src/pred_set/src	c4626da8cd18e308b74a29e461b626210823dca803c09fd74616405f18d9c06a	491c89778f5ba621aecf40eeb1ac292e72e6475ab1c575073eabbf3e0f0053ed
poly	src/real/analysis	4da572b7fbccf4701991b7a735259627c8ecc43a61e87103db214aa7ccee4e48	f542a99196f41a5deeb557cc7c310e776e7174dfd38e7b914e510e04708ccb5b
poset	src/coretypes	65151b63e45c82a9f6b3621c6bc72d8adce8a31c26d2138f154995c400333943	947ea4c043fd5295b901a0f899378a6071b5422e4848d64277b508e8057737b2
powser	src/real/analysis	1d55e1fb25b0946648adf067e9c061103268df90dd02e3a27e38947aead15495	490728e3b2740239963e5e263ee523d7328b40559bc17a2ae65de47cdcb6773f
pre_emit	src/emit	c592648e2562d6365a65bc070d2d23a6584ef4bba7a5d4dc9529bf63b835f9a8	3d358052cfe661b6b59f896ddc9771913b99711812c40793fc2b59e052b7f25f
pred_set	src/pred_set/src	69743ed3e6004fced98a55962824a5396c034eaf49215cd78789c44c2f519445	2c793fbfc3456da3ac3df2356448144a44f0dd17cab28179329ea3dfa915a16d
prim_rec	src/num/theories	28c14eb0d629e06d9aa62b8357f3c27b36ebfc22142fd5b631cfa1213926c99a	2c746a967c535133ad578f106370b80882525e0ff6190a385764cad7cc925793
prime	src/algebra/base	48c7073ff84bdf8b5c711b28dc35196a67ba96822abb6537ca352fefbbacf981	43ea0cb3550b6669f546f6c18304deeb4898f2c5a00d4adf6ad1fa8f3c70ea08
primeFactor	src/bag	c9023dc7c06307d399a4ce35eda199f0a4416bbf3d936988de706eaa772ebbbf	5fdbedf31a12c288cfce10af9d1219a90963a1b596027b400006fd1dd23bcd48
probability	src/probability	c9aee5f3fa84038b399ef64e96bdbf4879185bc878303a6dfc5196a660874e90	38febc90ae44eca737f1830eb52559650e70f2bf3969b6cdf4e0ea795eca9261
quantHeuristics	src/quantHeuristics	e17aa93e087e0962ccb18aae55c240890ec166a4d83a49fbe75b1c2fa27b371f	82b38e9f8a84b7fa1d7c61c57a7ddbab4d4104e41f04bdd1f28a8e8e2d3f5238
quotient	src/quotient/src	17941bb6c5123a5b8c45592071bae3fd53f49452da6a713c9b6ec74921f456d7	6cdbcf52d4aab2ce661287005d48a34d5ef9cfaa7b000ba8e5d3fea54a405c51
rat	src/rational	1d3c852205bad4368a16becc87f3045715ec5b6d6009bd770de85c8117ec00bf	0bc94a690538bd583221520b645746940569196e6fd56b4af11826710009753e
readerMonad	src/monad/more_monads	244a6963188be655ab9a97beb80a2417289953fb4ea0f9e2bf4e34d0016bbf37	a71a6d8aace8f87e0c529c9d3990e9453705c9492bc6b26962077472bba791c4
readthm1	src/1/theory_tests	ddc34dd0af870d1b438295d81c7a76e7e608cca3a904d2ae79a4e5875f7fbda4	6ca6fe15a8efb6a047e48f1b8dc2537c7ba7f80c1185f5fd5923fee7c97876c6
readthm2	src/1/theory_tests	31bdc099047213b54446d630501656e501bcfb64e6bc3e2f0c397007098bd640	1fbd4d66756ba0cd2460da3e5b56c7b9b265c41f180c508e4a540dddb4a3511b
real	src/real	2a039ad14846f2cf2bd09b890ca77fd9bffa4d91f0a0216d8e2da6797a27615f	c1e6f0bfeee82492df62965e11d0573ea3e3a7a5f5e822b525fd56557ea1ec75
real_algebra	src/real	6679ac38324e546cf5d2d0f51e263cdf9c6ebe864021971b822ab1298d3e9b5b	db81ab0bbe2fefd25fb3d73e32e1600c9ba256adbeb7b27e5796fb648089a84b
real_arith	src/real	9e1da0adf7ef9ad935cbd4070043fe0e1b31b1f1b3e204c9e71db38d766099b0	97a1b10407f117521fff1e0a4c8358187b508ca942a2e98201606f4a333d0633
real_borel	src/probability	4601fdbd361db0f6892713e3353be71add476a225ccb8ede830d5fe1f30e7a7c	884cf185cef1010ea10e7571f926305464fc25527e5e914f0a97a2de99edc73f
real_of_rat	src/real	1fcc115bcdd24a26177970878e52a6889a215dab2f0639d8deb112217dd9a7d2	69d5d4c01f05f620870488ba76cbce6bcb3db8a9a80b65009f6aad102f09d2cc
real_sigma	src/real	9dbd59e32041630cbf947470d42bfe7fe68ee53a6f03ab3a3903b5869b4bc8c1	b0caf96488732b88dfeb8d767485eaa29c25faa8102d780f4b90103df9fe6087
real_topology	src/real/analysis	913286905162bfcaf7f70a3ac27302bc5b870b7e1ccfe65aa1abfdd8dfc94906	defba04c81f3926dcb6625c1e53e5a9895fb7f624167e1c977e837d915948005
realax	src/real	fbbe87fd2c26c981d2c3d248a750c579c8096dfcad8fa31835fc70a7085da333	12d7a58bcec3edf1e4c4a435502fed10cae59b9a31d59e26859862c8a07a19ae
recordEnumSimpsA	src/datatype/theory_tests	814ed8ae0718bb636331408013410fdd4c694c1d2f5ef92fdcfcbdac20fce831	7962ae789253698cb4dd0bd79b1444a2c9c5abd77756dc3d9e4ffb02d904c3ed
recordEnumSimpsB	src/datatype/theory_tests	fb470329e990013a42fe4434ddcf460de79b30bb5aa8d084d7e9cefc44a0dcc8	9c0e7ba1c99f5dcb2f4f7b796d67aa206e3d4add25dd772e66c66cd32ac75400
reduce	src/num/reduce/src	fe7d889003815d7560986f24ae626bf30fa691420ea2383d68a6aef92b4705ad	ae01ecdd86562cacd01c17d8456140222a73c6e2921b347189c5432483aff43b
relation	src/relation	b5c96c906a95c71b7686615fc37faaae08450365e5f70b52c34426397f0c6828	7468a51fc285b03c701e3e7cabc10be12221f62fa47708e2e6b190e70f3f781a
res_quan	src/res_quan/src	cab402e2f9947081d9d4500fda306b6786818cb60c89789dc9de53e9149d7d93	979a7c04c14e1eead039d443b3970f251c868c1d7b69f3c00ab9eedcd39665e9
rich_list	src/list/src	e3eae95d2afb44ff0f0dd894f2e07530696dab848e02e06960cfc93a0f351dfe	f5c4f13d10121b1f3ba4ae9af8f932d911292dc4645ae4e2546ef257a1a8a96b
ring	src/algebra/construction	3bbc422e68e6c5a8be06b6ccd682b352297fc26bc113c5ebf617fd477bb70d0f	cca8d6d9ec47eef7f5f637a6a51ba19c0e48cb6d9dec95d294ade631fbf77627
sat	src/HolSat	2da0dbc18f3832ab0672013f40a20160df02f5f25df6c6b96fbd412e340166af	66573455a1cb80b99459fddd505c1da15ec97a6565e0603f0bd5f37da85445fc
seq	src/real/analysis	63b45244d6ced7309d046dc7a3a2ae8ba2c4427610d465c97a350a1aa54fec35	69104f2d71f6cfbfdd0ae0c094dca70fe624e5813d784b9285398c2192aef5f9
set_relation	src/pred_set/src	39bdd2dddf500d6b5776b9db19e51c1ef87854ef10588a00e96c874ae8cbd6ec	3a6d7ff0cc882608840c91ac8c72d1fe9f280d48328dcfecbd1c85596c47c167
sigma_algebra	src/probability	9d9d94f863acd2ff0176a04c7014a972acdaa54f8c2f4e854378e42da7869ad8	616c409bb1d4ba1fbaf423067f6675f5e648cfbb45989d91e15c2aac8940b5ec
simpleSetCat	src/pred_set/src/more_theories	c341fd11be26565fd46f5566ad300d6d9546bf9c65baf492eb75b3d42ce9431c	32c267be5e8ade19d7f4671d4232d35fbdf25c45978635283e3c6d742be7f8f5
sorting	src/sort	064c6712640942ccf3070e523f0552c8f5df0ea1b419ba4e6369e58e1c89cd46	038c7f5bbd48d8b7affe0ef0d9f40b8b35f7e8f9a232e6f6c81471496f45bb63
sptree	src/finite_maps	dc783ecbc79c9795de716315eed775cf5c53706f8f83be1c8651f88374be42cf	7772bc82bcdad2b0ca30b5e21a60397c6c23c2e9c84069f56182a1c42437b5e5
staleSimp	src/basicProof/theory_tests	b041ab484106e5cd680f1bb50e14a4ea05949f5d212c75ef3b5cb6fb35f5ddd1	97256128e675e947f770defa718b39936d29babf43db872002e189b328aed5c6
staleSimp2	src/basicProof/theory_tests	ee89c6fcd8ddfccdeee631bdbd7854f1c511686fbca04e646bc18a9e090fa1ba	f1bd2e0cd26b38335d240a6450cd45a0f0267cc1ccbdf29c0c62de0b996915ab
state_transformer	src/monad/more_monads	4e77771321ac5b59641e43d7b979b5215ff9a7530b22016c05bccd46f7b9baf0	91424af8865f1fde71c07c6fcf8ddd6bf70eed91aed4ba9a7a299b67357917c1
stored_grammars_unicode	src/1/theory_tests	b6a047cf4a4ccabe159be91360f58208c0bd779bccac1f9298728a1431bc5d36	07f4bab534a08017f3d96ff6172f82a01e18a701d5d78a46aefd544c9d046953
stream	src/coalgebras	4e0a4b9e712ae676288b8e6e2ca82a83b7a50f4ee43551af9b3a19ced7f2843c	aea65033b927a8c723379fb3ed8f6da1a94e6f2321330e98e37f6bf4df228a57
string	src/string	d0a3978666849e621cc52e4855697483671726930d50f9810aa0fbbc147d1d34	e31cb1e845ff78b176056e455c6d570405d22d14351c3cb1f449ea48ef493462
string_encoding	src/string	e2ae64610265851b4754bbd6699dd0483ce2e7ae874f1a77518994756782f331	7fa2c2f3a96606e1bd67af5ef4c59a2722d131594ec57903a7565e70230094bf
string_num	src/string	8abc6517f7fde035f199d8686b85e855a73941c49174ffc8daf4561a0db40e22	3b1a0cd5b522db27453f1431141336a620574d179ec261585d69294aaaeeba7d
sum	src/coretypes	67a844d1e53291285c399a624a8d9400129ae86a0b19699f9b5e0eb1f780a96f	5e1a56abbad7727b0e0ad4d4b76e735131bcfcd2747f69d05c65affa9f8f2a2b
sum_num	src/n-bit	15704f2d6f4ce65a6c8ff21a6811b6c3082c3cc81b2f2886d86c494c140ba863	8bf5372d5dfeb357a35a411298ec691b69c7cb2fe7eabae542e0c4f98047cbbd
suspCrossB	src/basicProof/theory_tests	27f345483ae2565d54831e1e3b5d824cbd6d73871a52d27c1d8c79e2f846c562	d7b358b0b2cc7154f2d90bfc4830be96e8f3bf8869128d70c7af4e5f7b295b1f
suspCrossThm	src/basicProof/theory_tests	d1fbc8fb43b510a1c35b4f9f0cf8db9137113794aca59a3540cac2ed53d8bcd2	6f514ee73c679dc2c567ddf4fe63cfa7dcf36f3a97d6c3099d5d6149dba4d98b
suspFast	src/basicProof/theory_tests	15369a082e6c1d54af73b185dac8a9a842c75aada20d220343a66adc3dbc3446	00edb148988f8641c997d175c6b21fc722fe6836e549615a4aa1097e1c209fe0
suspNested	src/basicProof/theory_tests	0a26f4d3ea2b0a0950e63b9e55d9c14ce46410995447ac3ccb32fb838cd5cacb	95438d2ce2ef2ddf852d3be7dc30acc0f487d6ac7f2bc935d51262087f09973a
suspRerun	src/basicProof/theory_tests	f927c6cff303ddf3c930186dfe78c7bae9d6a5cc81053a12600daa913c6b33ac	0499829903fc38d74762460ce4599d1abfa980e2df56f7bc3020113d6ddab73d
suspSibD	src/basicProof/theory_tests	27db523fc3898db84a92ecebc4e28268021c0336685f05354f1d205bdf0d43ec	377ace5273f570da134b11e89796dd725c37f4ecc8b7f5e3860cb874f99f37aa
suspTest	src/basicProof/theory_tests	b40740dc249e4a7a1a091b8615cfa86dd4783e767a3d88fed07de733447596a4	490036b0421253513938f54db5137089ccbc2734c168c2e57827d037cef0e893
tc	src/finite_maps	d5df702c16798165070687e3854fa745e277be1dd2083943d40d1a43dea6ae6a	4e6afe6a5813912dd0f5161002392aaaa1ce16b21b0a9e7e0e9e5017ba2e4d34
ternaryComparisons	src/sort	90697f50a71f7b44ce784016e80196a86f7d746e5ed341ede0fb50bf8b745079	e5ee20553b3e42f6a34cb6c7fe484a41d5b5ace707f221d99f9ade128e28ea2c
topology	src/pred_set/src/more_theories	522b5410fac34cb32bae54cc56e760911bd26edd6e5e510ebeb8d8c891e5ba25	d7e5b601d1d14457fd99236cd0fea30a684ea58a0170329d18d11eac62f6c1db
toto	src/finite_maps	260e2fe44f6265828f4038b078552463f1fd07107925e3a927a3c3fc8e321284	08310a33725c192fda550f63eab1dfe8a413b9d11c9584b9d8557f194c29fe9d
transc	src/real/analysis	2e80f1c3082190b9153ae5e99c5f84434e10458443ff1f6d855add57748a44fb	54409b6e7cfb13d9570bf99a7767c96775f21f78869aebf43b0c8762dc99c9c7
transfer	src/transfer	7522293803dafa411b53455c26a81c37300ccfe1fa7132071b517d02646e9c95	6e455366ddcf5f72424ed1cfc4340fc0db2076d3a8af8a245610bffdbb4e58a5
update	src/update	873fb3d8eb63db5ebfc95c10b0edeea6f1cbff9596c7eefd6470dad9eff59cf6	40c17d6dda467e6d245558e5490f0e6acc702a3a8baacf2e154d4e78ba660210
vartypeAbbrev1	src/1/theory_tests	9c9c2a76cd8d79912a896c382630fa57a6e31aa19a6e7d2c460968d6a8dbde5b	e21a5771694e179a8853319d0c140b3ec56070f8e3850757010bceab346e2b67
vartypeAbbrev2	src/1/theory_tests	5c16f4ba711ac17ebcedd01aa48ad2feb08b3f05f43f2c9efbca23b062d29895	018134605727360b2fde592c18d05e39cd65db8baccba81b7aecd0038cbd1f23
veblen	src/pred_set/src/more_theories	9f33f411959509734005eed632321a1518286047d3f1ab2b60da7c31b56d18a8	36a834129ac69ba7b414439c95a45b0b57be8df3c809fdd30edb07b9784bf29a
wellorder	src/pred_set/src	4fe05eca5b38e88d0f8b6bb8bc9c0d5711b300a74089b3b11f123d15e920ce9b	b9c41243fdff930c838510c55fe123f8b197ccd2ea61aad80fd2757ed7cfc8c5
with_basic_sizes	src/datatype/theory_tests	4f95e4e037551c194197b783d4976d2544027e1497118302eb80b96ede078e16	e7dd8494d53d20e5608ac47a55a5a972d890d1d228d22a8a5489db33b85b35ca
words	src/n-bit	79727097e54e976b7c3da40e29a08426f80a7e3cd7b0841d4c449fc692921832	372005a9ae46ac10e2bb66324c6b3a27be89759d6bee42fd5e524b69ae0803c0
