arithmetic	arithmetic.FUNPOW_1
arithmetic	arithmetic.MODEQ_0_CONG
borel	borel.BOREL_MEASURABLE_SETS_OC
arithmetic	arithmetic.FUNPOW_invariant
bit	bit.NOT_BIT_GT_TWOEXP
alignment	alignment.aligned_mul_shift_1
HolSmt	HolSmt.t034
DeepSyntax	DeepSyntax.posinf_disj1_implies_exoriginal
binary_ieee	binary_ieee.float_literal_11
HolSmt	HolSmt.r183
Coder	Coder.wf_coder_sum
bool	bool.SELECT_THM
cardinal	cardinal.CARD1_SING
bag	bag.BAG_EXTENSION
bag	bag.FINITE_BAG_MERGE
alignment	alignment.align_align
bag	bag.EL_BAG_11
bitstring	bitstring.el_shiftr
arithmetic	arithmetic.X_MOD_Y_EQ_X
bag	bag.MONOID_BAG_UNION_EMPTY_BAG
borel	borel.IN_MEASURABLE_BOREL_SQR
bitArith	bitArith.LASTbl_nonzero
arithmetic	arithmetic.MOD_EQ_0_IFF
HolSmt	HolSmt.r227
Decode	Decode.encode_then_decode_option
bisimulation	bisimulation.TS_IMP_ETS
cardinal	cardinal.countable_setexp
cardinal	cardinal.set_exp_card_cong
binary_ieee	binary_ieee.float_is_zero_to_real
arithmetic	arithmetic.LESS_EQ_REFL
bag	bag.BAG_cases
bit	bit.BIT_LOG2
binary_ieee	binary_ieee.float_round_roundTowardZero_top
borel	borel.IN_MEASURABLE_BOREL_MAX_FN_SEQ
bool	bool.AND_INTRO_THM
arithmetic	arithmetic.RTC_eq_NRC
arithmetic	arithmetic.ABS_DIFF_SUC
cardinal	cardinal.CARD_LE_MUL
bar260	bar260.foo_fn_updates
HolSmt	HolSmt.r078
combin	combin.W_THM
cardinal	cardinal.CARD_ADD_LE_MUL_INFINITE
cardinal	cardinal.COUNTABLE_AS_INJECTIVE_IMAGE
HolSmt	HolSmt.d014
bag	bag.BAG_INSERT_ONE_ONE
borel	borel.lambda_countable
arithmetic	arithmetic.MODEQ_MULT_CONG
cardinal	cardinal.BIGPROD_pair
binary_ieee	binary_ieee.NMUL_EQ_2
alist_tree	alist_tree.is_insert_l
cardinal	cardinal.cardlt_leq_trans
bag	bag.BAG_IN_BAG_FILTER
HolSmt	HolSmt.r038
binary_ieeeProps	binary_ieeeProps.round_representable_zero
byte	byte.words_of_bytes_def
HolSmt	HolSmt.r109
borel	borel.IN_MEASURABLE_BOREL_SUP
bnfPrelims	bnfPrelims.IMAGE_o_equal
bitstring	bitstring.el_field
arithmetic	arithmetic.num_case_cong
HolSmt	HolSmt.r029
borel	borel.IN_MEASURABLE_BOREL_OR
arithmetic	arithmetic.ZERO_LESS_ADD
alignment	alignment.align_ls
bit	bit.BITS_SUM2
bool	bool.ABS_REP_THM
alist	alist.ALOOKUP_MAP_2
binary_ieeeProps	binary_ieeeProps.negative_representable
binary_ieee	binary_ieee.float_values
HolSmt	HolSmt.r252
bag	bag.BAG_IN_DIVIDES
bit	bit.BIT_SHIFT_THM5
Omega	Omega.evallower_FORALL
Decode	Decode.dec2enc_decode_prod
HolSmt	HolSmt.r092
arithmetic	arithmetic.ONE_MOD_IFF
binary_ieee	binary_ieee.round_roundTiesToEven_plus_infinity
HolSmt	HolSmt.r141
cardinal	cardinal.CARDEQ_CROSS_1
cardinal	cardinal.BIJ_functions_agree
bag	bag.SET_OF_BAG_EQ_EMPTY
coalgAxioms	coalgAxioms.SURJ_homs_epi
bar260	bar260.foo_fupdfupds_comp
bitArith	bitArith.bleval_def
HolSmt	HolSmt.DISJ_ELIM_1
bool	bool.BOTH_EXISTS_AND_THM
bag	bag.BIG_BAG_UNION_INSERT
binary_ieee	binary_ieee.next_lo_11
bag	bag.FINITE_BAG_THM
binary_ieee	binary_ieee.abs_float_value
binary_ieee	binary_ieee.less_than_ulp
alignment	alignment.aligned_add_pow
cardinal	cardinal.CARD_LT_TOTAL
cardinal	cardinal.COUNTABLE_CROSS
bag	bag.unibag_ALL_DISTINCT
cardinal	cardinal.set_exp_product
arithmetic	arithmetic.SUB_RIGHT_GREATER_EQ
alist	alist.set_MAP_FST_fmap_to_alist
arithmetic	arithmetic.MULT_LEFT_1
binary_ieee	binary_ieee.float_is_finite
While	While.LESS_LEAST
bag	bag.BAG_MERGE_ELBAG_SUB_BAG_INSERT
bar260	bar260.foo_accfupds
Omega	Omega.dark_shadow_cond_row_def
cardinal	cardinal.CARD_COUNTABLE_CONG
borel	borel.IN_MEASURABLE_BOREL_MUL_INV
bag	bag.BAG_MERGE_BAG_INSERT
borel	borel.IN_MEASURABLE_BOREL_CO
HolSmt	HolSmt.NOT_MEM_NIL
HolSmt	HolSmt.t013
alist	alist.MAP_KEYS_I
HolSmt	HolSmt.d020
coalgAxioms	coalgAxioms.set_map'
HolSmt	HolSmt.r173
binary_ieee	binary_ieee.zeroes_are_finite_floats
bitArith	bitArith.DIV_POW2
bnfPrelims	bnfPrelims.IMAGE_KEMPTY_CARDLE
combin	combin.UPDATE_APPLY_ID_RWT
HolSmt	HolSmt.r014
ConseqConv	ConseqConv.IMP_CONG_imp_weaken
HolSmt	HolSmt.t026
bool	bool.LET_RATOR
Encode	Encode.encode_num_def
Omega	Omega.COND_EX_ELSE_THM
coalgAxioms	coalgAxioms.lemma2_4_1
alist_tree	alist_tree.is_lookup_empty
bag	bag.BAG_EVERY_UNION
arithmetic	arithmetic.ABS_DIFF_COMM
